"Date";"Satelites";"Macro Name";"Driver Name";"Address";"Latitude";"Longitude";"Speed";"Input 1";"Input 2";"Input 3";"Input 4";"Status";"Macro Text";"Temperature";"Humidity";
"02-04-2026 10:36:20";14;"0";"";"Marskvej 4, 4700 Nĉstved, Danmark";55,225422;11,747195;18;"false";"false";"false";"false";"Paused";"[Event=0]ID:239:0;ID:240:0;ID:80:1;ID:21:5;ID:200:0;ID:69:1;ID:181:12;ID:182:7;ID:66:14670;ID:24:18;ID:67:3963;ID:68:0;ID:199:14;ID:16:220849466;ID:11:89450421220;ID:14:518815960;";"";"";
"02-04-2026 10:36:21";14;"250";"";"Toftevej 10, 4700 Nĉstved, Danmark";55,225376;11,747143;20;"false";"false";"false";"false";"Start";"[Event=250]ID:239:0;ID:240:0;ID:80:1;ID:21:5;ID:200:0;ID:69:1;ID:250:1;ID:181:13;ID:182:7;ID:66:14668;ID:24:20;ID:67:3963;ID:68:0;ID:199:6;ID:16:220849472;ID:11:89450421220;ID:14:518815960;";"";"";
"02-04-2026 10:36:22";14;"239";"";"Toftevej 10, 4700 Nĉstved, Danmark";55,225327;11,74712;17;"false";"false";"false";"false";"Moving";"[Event=239]ID:239:1;ID:240:0;ID:80:1;ID:21:5;ID:200:0;ID:69:1;ID:181:12;ID:182:7;ID:66:14598;ID:24:17;ID:67:3963;ID:68:0;ID:199:5;ID:16:220849477;ID:11:89450421220;ID:14:518815960;";"";"";
"02-04-2026 10:36:33";14;"0";"";"Toftevej 10, 4700 Nĉstved, Danmark";55,225338;11,747198;17;"false";"false";"false";"false";"Moving";"[Event=0]ID:239:1;ID:240:0;ID:80:1;ID:21:5;ID:200:0;ID:69:1;ID:181:10;ID:182:7;ID:66:14721;ID:24:17;ID:67:3963;ID:68:0;ID:199:12;ID:16:220849489;ID:11:89450421220;ID:14:518815960;";"";"";
"02-04-2026 10:36:47";14;"0";"";"Mosevej 12D, 4700 Nĉstved, Danmark";55,226299;11,748872;14;"false";"false";"false";"false";"Moving";"[Event=0]ID:239:1;ID:240:0;ID:80:1;ID:21:5;ID:200:0;ID:69:1;ID:181:12;ID:182:7;ID:66:14666;ID:24:14;ID:67:3963;ID:68:0;ID:199:152;ID:16:220849641;ID:11:89450421220;ID:14:518815960;";"";"";
"02-04-2026 10:36:59";14;"0";"";"Mosevej, 4700 Nĉstved, Danmark";55,225555;11,750183;26;"false";"false";"false";"false";"Moving";"[Event=0]ID:239:1;ID:240:0;ID:80:1;ID:21:5;ID:200:0;ID:69:1;ID:181:13;ID:182:7;ID:66:14626;ID:24:26;ID:67:3963;ID:68:0;ID:199:117;ID:16:220849758;ID:11:89450421220;ID:14:518815960;";"";"";
"02-04-2026 10:37:06";14;"0";"";"Fabriksvej, 4700 Nĉstved, Danmark";55,225414;11,750508;25;"false";"false";"false";"false";"Moving";"[Event=0]ID:239:1;ID:240:0;ID:80:1;ID:21:5;ID:200:0;ID:69:1;ID:181:13;ID:182:8;ID:66:14578;ID:24:25;ID:67:3963;ID:68:0;ID:199:28;ID:16:220849786;ID:11:89450421220;ID:14:518815960;";"";"";
"02-04-2026 10:37:15";14;"240";"";"Fabriksvej , 4700 Nĉstved, Danmark";55,225662;11,752256;40;"false";"false";"false";"false";"Moving";"[Event=240]ID:239:1;ID:240:1;ID:80:1;ID:21:5;ID:200:0;ID:69:1;ID:181:13;ID:182:7;ID:66:14626;ID:24:40;ID:67:3963;ID:68:0;ID:199:115;ID:16:220849901;ID:11:89450421220;ID:14:518815960;";"";"";
"02-04-2026 10:38:15";14;"0";"";"Fabriksvej 1A, 4700 Nĉstved, Danmark";55,228985;11,75484;33;"false";"false";"false";"false";"Moving";"[Event=0]ID:239:1;ID:240:1;ID:80:1;ID:21:5;ID:200:0;ID:69:1;ID:181:13;ID:182:8;ID:66:14584;ID:24:33;ID:67:3963;ID:68:0;ID:199:406;ID:16:220850307;ID:11:89450421220;ID:14:518815960;";"";"";
"02-04-2026 10:38:26";14;"0";"";"Havnegade 11, 4700 Nĉstved, Danmark";55,229515;11,75522;23;"false";"false";"false";"false";"Moving";"[Event=0]ID:239:1;ID:240:1;ID:80:1;ID:21:5;ID:200:0;ID:69:1;ID:181:14;ID:182:7;ID:66:14578;ID:24:23;ID:67:3963;ID:68:0;ID:199:69;ID:16:220850376;ID:11:89450421220;ID:14:518815960;";"";"";
"02-04-2026 10:38:54";14;"0";"";"Mĝllegade 1A, 1.sal., 4700 Nĉstved, Danmark";55,231297;11,754049;40;"false";"false";"false";"false";"Moving";"[Event=0]ID:239:1;ID:240:1;ID:80:1;ID:21:5;ID:200:0;ID:69:1;ID:181:13;ID:182:7;ID:66:14588;ID:24:40;ID:67:3963;ID:68:0;ID:199:221;ID:16:220850597;ID:11:89450421220;ID:14:518815960;";"";"";
"02-04-2026 10:39:30";14;"0";"";"Rċdmandshaven , 4700 Nĉstved, Danmark";55,233547;11,75618;27;"false";"false";"false";"false";"Moving";"[Event=0]ID:239:1;ID:240:1;ID:80:1;ID:21:5;ID:200:0;ID:69:1;ID:181:13;ID:182:7;ID:66:14585;ID:24:31;ID:67:3963;ID:68:0;ID:199:300;ID:16:220850897;ID:11:89450421220;ID:14:518815960;";"";"";
"02-04-2026 10:39:35";14;"0";"";"Rċdmandsengen , 4700 Nĉstved, Danmark";55,23381;11,756042;29;"false";"false";"false";"false";"Moving";"[Event=0]ID:239:1;ID:240:1;ID:80:1;ID:21:5;ID:200:0;ID:69:1;ID:181:13;ID:182:7;ID:66:14542;ID:24:29;ID:67:3963;ID:68:0;ID:199:43;ID:16:220850940;ID:11:89450421220;ID:14:518815960;";"";"";
"02-04-2026 10:39:38";14;"0";"";"Rċdmandsengen , 4700 Nĉstved, Danmark";55,234035;11,756408;39;"false";"false";"false";"false";"Moving";"[Event=0]ID:239:1;ID:240:1;ID:80:1;ID:21:5;ID:200:0;ID:69:1;ID:181:13;ID:182:7;ID:66:14551;ID:24:39;ID:67:3963;ID:68:0;ID:199:35;ID:16:220850975;ID:11:89450421220;ID:14:518815960;";"";"";
"02-04-2026 10:39:46";14;"0";"";"Rċdmandsengen , 4700 Nĉstved, Danmark";55,234573;11,757575;35;"false";"false";"false";"false";"Moving";"[Event=0]ID:239:1;ID:240:1;ID:80:1;ID:21:5;ID:200:0;ID:69:1;ID:181:13;ID:182:7;ID:66:14601;ID:24:35;ID:67:3963;ID:68:0;ID:199:99;ID:16:220851074;ID:11:89450421220;ID:14:518815960;";"";"";
"02-04-2026 10:40:46";14;"0";"";"Ringstedgade 61K, 4700 Nĉstved, Danmark";55,237106;11,758487;0;"false";"false";"false";"false";"Moving";"[Event=0]ID:239:1;ID:240:1;ID:80:1;ID:21:5;ID:200:0;ID:69:1;ID:181:10;ID:182:7;ID:66:13473;ID:24:0;ID:67:3963;ID:68:0;ID:199:295;ID:16:220851369;ID:11:89450421220;ID:14:518815960;";"";"";
"02-04-2026 10:41:44";13;"0";"";"Ringstedgade , 4700 Nĉstved, Danmark";55,237633;11,758821;28;"false";"false";"false";"false";"Moving";"[Event=0]ID:239:1;ID:240:1;ID:80:1;ID:21:5;ID:200:0;ID:69:1;ID:181:18;ID:182:10;ID:66:14650;ID:24:28;ID:67:3963;ID:68:0;ID:199:71;ID:16:220851440;ID:11:89450421220;ID:14:518815960;";"";"";
"02-04-2026 10:41:52";14;"0";"";"Ringstedgade 75A, 4700 Nĉstved, Danmark";55,23774;11,759577;7;"false";"false";"false";"false";"Moving";"[Event=0]ID:239:1;ID:240:1;ID:80:1;ID:21:5;ID:200:0;ID:69:1;ID:181:14;ID:182:8;ID:66:14533;ID:24:7;ID:67:3963;ID:68:0;ID:199:48;ID:16:220851488;ID:11:89450421220;ID:14:518815960;";"";"";
"02-04-2026 10:41:55";14;"0";"";"Herlufsvĉnge , 4700 Nĉstved, Danmark";55,237663;11,759608;15;"false";"false";"false";"false";"Moving";"[Event=0]ID:239:1;ID:240:1;ID:80:1;ID:21:5;ID:200:0;ID:69:1;ID:181:13;ID:182:7;ID:66:14582;ID:24:15;ID:67:3963;ID:68:0;ID:199:11;ID:16:220851499;ID:11:89450421220;ID:14:518815960;";"";"";
"02-04-2026 10:42:03";13;"0";"";"Ringstedgade 61D, 4700 Nĉstved, Danmark";55,237343;11,759655;15;"false";"false";"false";"false";"Moving";"[Event=0]ID:239:1;ID:240:1;ID:80:1;ID:21:5;ID:200:0;ID:69:1;ID:181:15;ID:182:9;ID:66:14631;ID:24:15;ID:67:3963;ID:68:0;ID:199:39;ID:16:220851538;ID:11:89450421220;ID:14:518815960;";"";"";
"02-04-2026 10:42:21";14;"0";"";"Ringstedgade 68, 4700 Nĉstved, Danmark";55,237305;11,760718;18;"false";"false";"false";"false";"Moving";"[Event=0]ID:239:1;ID:240:1;ID:80:1;ID:21:5;ID:200:0;ID:69:1;ID:181:13;ID:182:7;ID:66:14580;ID:24:18;ID:67:3963;ID:68:0;ID:199:72;ID:16:220851610;ID:11:89450421220;ID:14:518815960;";"";"";
"02-04-2026 10:43:21";14;"0";"";"Ringstedgade 28, 4700 Nĉstved, Danmark";55,23444;11,760295;0;"false";"false";"false";"false";"Moving";"[Event=0]ID:239:1;ID:240:1;ID:80:1;ID:21:5;ID:200:0;ID:69:1;ID:181:11;ID:182:7;ID:66:14596;ID:24:0;ID:67:3963;ID:68:0;ID:199:321;ID:16:220851931;ID:11:89450421220;ID:14:518815960;";"";"";
"02-04-2026 10:43:47";14;"0";"";"Farimagsvej , 4700 Nĉstved, Danmark";55,234085;11,760324;23;"false";"false";"false";"false";"Moving";"[Event=0]ID:239:1;ID:240:1;ID:80:1;ID:21:5;ID:200:0;ID:69:1;ID:181:14;ID:182:7;ID:66:14590;ID:24:23;ID:67:3963;ID:68:0;ID:199:45;ID:16:220851976;ID:11:89450421220;ID:14:518815960;";"";"";
"02-04-2026 10:44:47";13;"0";"";"Farimagsvej 55, 4700 Nĉstved, Danmark";55,229343;11,766996;28;"false";"false";"false";"false";"Moving";"[Event=0]ID:239:1;ID:240:1;ID:80:1;ID:21:5;ID:200:0;ID:69:1;ID:181:15;ID:182:11;ID:66:14573;ID:24:36;ID:67:3963;ID:68:0;ID:199:742;ID:16:220852718;ID:11:89450421220;ID:14:518815960;";"";"";
"02-04-2026 10:45:03";14;"0";"";"Rampen 1, 4700 Nĉstved, Danmark";55,228935;11,767185;28;"false";"false";"false";"false";"Moving";"[Event=0]ID:239:1;ID:240:1;ID:80:1;ID:21:5;ID:200:0;ID:69:1;ID:181:12;ID:182:7;ID:66:14594;ID:24:28;ID:67:3963;ID:68:0;ID:199:61;ID:16:220852779;ID:11:89450421220;ID:14:518815960;";"";"";
"02-04-2026 10:45:15";13;"0";"";"Rampen 12, 4700 Nĉstved, Danmark";55,228756;11,769268;36;"false";"false";"false";"false";"Moving";"[Event=0]ID:239:1;ID:240:1;ID:80:1;ID:21:5;ID:200:0;ID:69:1;ID:181:16;ID:182:10;ID:66:14591;ID:24:36;ID:67:3963;ID:68:0;ID:199:138;ID:16:220852917;ID:11:89450421220;ID:14:518815960;";"";"";
"02-04-2026 10:45:26";14;"0";"";"Ny Prĉstĝvej , 4700 Nĉstved, Danmark";55,228973;11,770298;23;"false";"false";"false";"false";"Moving";"[Event=0]ID:239:1;ID:240:1;ID:80:1;ID:21:5;ID:200:0;ID:69:1;ID:181:12;ID:182:7;ID:66:14588;ID:24:20;ID:67:3963;ID:68:0;ID:199:69;ID:16:220852986;ID:11:89450421220;ID:14:518815960;";"";"";
"02-04-2026 10:46:26";13;"0";"";"Ny Prĉstĝvej , 4700 Nĉstved, Danmark";55,224018;11,77966;49;"false";"false";"false";"false";"Moving";"[Event=0]ID:239:1;ID:240:1;ID:80:1;ID:21:5;ID:200:0;ID:69:1;ID:181:14;ID:182:8;ID:66:14586;ID:24:49;ID:67:3963;ID:68:0;ID:199:832;ID:16:220853818;ID:11:89450421220;ID:14:518815960;";"";"";
"02-04-2026 10:46:49";13;"0";"";" , 4700 Nĉstved, Danmark";55,223137;11,783531;20;"false";"false";"false";"false";"Moving";"[Event=0]ID:239:1;ID:240:1;ID:80:1;ID:21:5;ID:200:0;ID:69:1;ID:181:14;ID:182:8;ID:66:14589;ID:24:20;ID:67:3963;ID:68:0;ID:199:274;ID:16:220854092;ID:11:89450421220;ID:14:518815960;";"";"";
"02-04-2026 10:46:54";14;"0";"";" , 4700 Nĉstved, Danmark";55,222885;11,783645;24;"false";"false";"false";"false";"Moving";"[Event=0]ID:239:1;ID:240:1;ID:80:1;ID:21:5;ID:200:0;ID:69:1;ID:181:14;ID:182:8;ID:66:14544;ID:24:24;ID:67:3963;ID:68:0;ID:199:32;ID:16:220854124;ID:11:89450421220;ID:14:518815960;";"";"";
"02-04-2026 10:46:56";14;"0";"";" , 4700 Nĉstved, Danmark";55,2229;11,783834;18;"false";"false";"false";"false";"Moving";"[Event=0]ID:239:1;ID:240:1;ID:80:1;ID:21:5;ID:200:0;ID:69:1;ID:181:13;ID:182:8;ID:66:14564;ID:24:18;ID:67:3963;ID:68:0;ID:199:12;ID:16:220854136;ID:11:89450421220;ID:14:518815960;";"";"";
"02-04-2026 10:47:17";14;"0";"";"Ny Prĉstĝvej 102, 4700 Nĉstved, Danmark";55,22242;11,787583;60;"false";"false";"false";"false";"Moving";"[Event=0]ID:239:1;ID:240:1;ID:80:1;ID:21:5;ID:200:0;ID:69:1;ID:181:13;ID:182:8;ID:66:14605;ID:24:60;ID:67:3963;ID:68:0;ID:199:264;ID:16:220854400;ID:11:89450421220;ID:14:518815960;";"";"";
"02-04-2026 10:48:17";14;"0";"";"Ny Prĉstĝvej , 4700 Nĉstved, Danmark";55,213535;11,797379;82;"false";"false";"false";"false";"Moving";"[Event=0]ID:239:1;ID:240:1;ID:80:1;ID:21:5;ID:200:0;ID:69:1;ID:181:17;ID:182:9;ID:66:14613;ID:24:82;ID:67:3963;ID:68:0;ID:199:1179;ID:16:220855579;ID:11:89450421220;ID:14:518815960;";"";"";
"02-04-2026 10:49:17";14;"0";"";"Ny Prĉstĝvej , 4700 Nĉstved, Danmark";55,206242;11,810763;63;"false";"false";"false";"false";"Moving";"[Event=0]ID:239:1;ID:240:1;ID:80:1;ID:21:5;ID:200:0;ID:69:1;ID:181:13;ID:182:8;ID:66:14606;ID:24:63;ID:67:3963;ID:68:0;ID:199:1181;ID:16:220856760;ID:11:89450421220;ID:14:518815960;";"";"";
"02-04-2026 10:50:17";14;"0";"";"Ny Prĉstĝvej ,  , Danmark";55,201965;11,821126;69;"false";"false";"false";"false";"Moving";"[Event=0]ID:239:1;ID:240:1;ID:80:1;ID:21:5;ID:200:0;ID:69:1;ID:181:13;ID:182:8;ID:66:14587;ID:24:69;ID:67:3963;ID:68:0;ID:199:823;ID:16:220857583;ID:11:89450421220;ID:14:518815960;";"";"";
"02-04-2026 10:51:17";14;"0";"";"Prĉstĝ Landevej 18, 4700 Nĉstved, Danmark";55,196365;11,838794;73;"false";"false";"false";"false";"Moving";"[Event=0]ID:239:1;ID:240:1;ID:80:1;ID:21:4;ID:200:0;ID:69:1;ID:181:14;ID:182:8;ID:66:14604;ID:24:75;ID:67:3963;ID:68:0;ID:199:1262;ID:16:220858845;ID:11:89450421220;ID:14:518815960;";"";"";
"02-04-2026 10:52:17";14;"0";"";"Prĉstĝ Landevej ,  , Danmark";55,18985;11,851622;77;"false";"false";"false";"false";"Moving";"[Event=0]ID:239:1;ID:240:1;ID:80:1;ID:21:4;ID:200:0;ID:69:1;ID:181:14;ID:182:8;ID:66:14594;ID:24:77;ID:67:3963;ID:68:0;ID:199:1132;ID:16:220859977;ID:11:89450421220;ID:14:518815960;";"";"";
"02-04-2026 10:53:17";13;"0";"";"Prĉstĝ Landevej 33, 4700 Nĉstved, Danmark";55,184383;11,864365;50;"false";"false";"false";"false";"Moving";"[Event=0]ID:239:1;ID:240:1;ID:80:1;ID:21:5;ID:200:0;ID:69:1;ID:181:15;ID:182:8;ID:66:14613;ID:24:50;ID:67:3963;ID:68:0;ID:199:1021;ID:16:220860998;ID:11:89450421220;ID:14:518815960;";"";"";
"02-04-2026 10:54:17";14;"0";"";"Prĉstĝ Landevej 52, 4700 Nĉstved, Danmark";55,177189;11,874267;63;"false";"false";"false";"false";"Moving";"[Event=0]ID:239:1;ID:240:1;ID:80:1;ID:21:5;ID:200:0;ID:69:1;ID:181:14;ID:182:8;ID:66:14609;ID:24:64;ID:67:3963;ID:68:0;ID:199:1001;ID:16:220861999;ID:11:89450421220;ID:14:518815960;";"";"";
"02-04-2026 10:55:17";14;"0";"";"Prĉstĝ Landevej 57, 4700 Nĉstved, Danmark";55,16901;11,881679;51;"false";"false";"false";"false";"Moving";"[Event=0]ID:239:1;ID:240:1;ID:80:1;ID:21:4;ID:200:0;ID:69:1;ID:181:14;ID:182:8;ID:66:14586;ID:24:51;ID:67:3963;ID:68:0;ID:199:1048;ID:16:220863047;ID:11:89450421220;ID:14:518815960;";"";"";
"02-04-2026 10:56:17";14;"0";"";"Prĉstĝ Landevej 78, 4700 Nĉstved, Danmark";55,158489;11,886978;96;"false";"false";"false";"false";"Moving";"[Event=0]ID:239:1;ID:240:1;ID:80:1;ID:21:4;ID:200:0;ID:69:1;ID:181:14;ID:182:8;ID:66:14591;ID:24:96;ID:67:3963;ID:68:0;ID:199:1224;ID:16:220864271;ID:11:89450421220;ID:14:518815960;";"";"";
"02-04-2026 10:57:17";14;"0";"";"Nyskovvej 1, 4700 Nĉstved, Danmark";55,146156;11,897482;74;"false";"false";"false";"false";"Moving";"[Event=0]ID:239:1;ID:240:1;ID:80:1;ID:21:5;ID:200:0;ID:69:1;ID:181:12;ID:182:7;ID:66:14581;ID:24:74;ID:67:3963;ID:68:0;ID:199:1524;ID:16:220865795;ID:11:89450421220;ID:14:518815960;";"";"";
"02-04-2026 10:58:17";14;"0";"";"Prĉstĝ Landevej ,  , Danmark";55,139488;11,913245;82;"false";"false";"false";"false";"Moving";"[Event=0]ID:239:1;ID:240:1;ID:80:1;ID:21:5;ID:200:0;ID:69:1;ID:181:14;ID:182:8;ID:66:14595;ID:24:82;ID:67:3963;ID:68:0;ID:199:1259;ID:16:220867054;ID:11:89450421220;ID:14:518815960;";"";"";
"02-04-2026 10:59:17";14;"0";"";"Prĉstĝ Landevej ,  , Danmark";55,133144;11,929235;68;"false";"false";"false";"false";"Moving";"[Event=0]ID:239:1;ID:240:1;ID:80:1;ID:21:4;ID:200:0;ID:69:1;ID:181:12;ID:182:7;ID:66:14603;ID:24:67;ID:67:3963;ID:68:0;ID:199:1219;ID:16:220868273;ID:11:89450421220;ID:14:518815960;";"";"";
"02-04-2026 10:59:40";14;"0";"";"Prĉstĝ Landevej ,  , Danmark";55,130905;11,932761;25;"false";"false";"false";"false";"Moving";"[Event=0]ID:239:1;ID:240:1;ID:80:1;ID:21:4;ID:200:0;ID:69:1;ID:181:13;ID:182:7;ID:66:14594;ID:24:25;ID:67:3963;ID:68:0;ID:199:359;ID:16:220868632;ID:11:89450421220;ID:14:518815960;";"";"";
"02-04-2026 10:59:52";13;"0";"";"Prĉstĝ Landevej ,  , Danmark";55,129639;11,932319;55;"false";"false";"false";"false";"Moving";"[Event=0]ID:239:1;ID:240:1;ID:80:1;ID:21:4;ID:200:0;ID:69:1;ID:181:12;ID:182:7;ID:66:14578;ID:24:53;ID:67:3963;ID:68:0;ID:199:148;ID:16:220868780;ID:11:89450421220;ID:14:518815960;";"";"";
"02-04-2026 11:00:52";14;"0";"";"Sydmotorvejen ,  , Danmark";55,111328;11,935888;138;"false";"false";"false";"false";"Moving";"[Event=0]ID:239:1;ID:240:1;ID:80:1;ID:21:4;ID:200:0;ID:69:1;ID:181:12;ID:182:7;ID:66:14584;ID:24:138;ID:67:3963;ID:68:0;ID:199:2046;ID:16:220870826;ID:11:89450421220;ID:14:518815960;";"";"";
"02-04-2026 11:01:49";14;"0";"";"Sydmotorvejen ,  , Danmark";55,093357;11,94026;126;"false";"false";"false";"false";"Moving";"[Event=0]ID:239:1;ID:240:1;ID:80:1;ID:21:5;ID:200:0;ID:69:1;ID:181:13;ID:182:7;ID:66:14587;ID:24:126;ID:67:3963;ID:68:0;ID:199:2067;ID:16:220872893;ID:11:89450421220;ID:14:518815960;";"";"";
"02-04-2026 11:02:45";14;"0";"";"Sydmotorvejen ,  , Danmark";55,077972;11,956884;129;"false";"false";"false";"false";"Moving";"[Event=0]ID:239:1;ID:240:1;ID:80:1;ID:21:5;ID:200:0;ID:69:1;ID:181:13;ID:182:7;ID:66:14591;ID:24:129;ID:67:3963;ID:68:0;ID:199:2018;ID:16:220874911;ID:11:89450421220;ID:14:518815960;";"";"";
"02-04-2026 11:03:40";14;"0";"";"Sydmotorvejen ,  , Danmark";55,061249;11,969936;138;"false";"false";"false";"false";"Moving";"[Event=0]ID:239:1;ID:240:1;ID:80:1;ID:21:5;ID:200:0;ID:69:1;ID:181:13;ID:182:7;ID:66:14588;ID:24:138;ID:67:3964;ID:68:0;ID:199:2039;ID:16:220876950;ID:11:89450421220;ID:14:518815960;";"";"";
"02-04-2026 11:04:34";14;"0";"";"Sydmotorvejen , 4773 Stensved, Danmark";55,045246;11,986374;130;"false";"false";"false";"false";"Moving";"[Event=0]ID:239:1;ID:240:1;ID:80:1;ID:21:5;ID:200:0;ID:69:1;ID:181:14;ID:182:7;ID:66:14605;ID:24:130;ID:67:3964;ID:68:0;ID:199:2035;ID:16:220878985;ID:11:89450421220;ID:14:518815960;";"";"";
"02-04-2026 11:05:34";13;"0";"";"Sydmotorvejen , 4773 Stensved, Danmark";55,027008;11,985912;133;"false";"false";"false";"false";"Moving";"[Event=0]ID:239:1;ID:240:1;ID:80:1;ID:21:4;ID:200:0;ID:69:1;ID:181:14;ID:182:8;ID:66:14568;ID:24:132;ID:67:3964;ID:68:0;ID:199:2069;ID:16:220881054;ID:11:89450421220;ID:14:518815960;";"";"";
"02-04-2026 11:06:32";14;"0";"";"Sydmotorvejen , 4773 Stensved, Danmark";55,008499;11,987708;130;"false";"false";"false";"false";"Moving";"[Event=0]ID:239:1;ID:240:1;ID:80:1;ID:21:4;ID:200:0;ID:69:1;ID:181:13;ID:182:7;ID:66:14583;ID:24:130;ID:67:3965;ID:68:0;ID:199:2090;ID:16:220883144;ID:11:89450421220;ID:14:518815960;";"";"";
"02-04-2026 11:07:29";14;"0";"";"Sydmotorvejen , 4773 Stensved, Danmark";54,991577;11,998955;127;"false";"false";"false";"false";"Moving";"[Event=0]ID:239:1;ID:240:1;ID:80:1;ID:21:4;ID:200:0;ID:69:1;ID:181:15;ID:182:7;ID:66:14604;ID:24:127;ID:67:3964;ID:68:0;ID:199:2050;ID:16:220885194;ID:11:89450421220;ID:14:518815960;";"";"";
"02-04-2026 11:08:27";14;"0";"";"Sydmotorvejen , 4773 Stensved, Danmark";54,973671;12,004157;127;"false";"false";"false";"false";"Moving";"[Event=0]ID:239:1;ID:240:1;ID:80:1;ID:21:4;ID:200:0;ID:69:1;ID:181:14;ID:182:7;ID:66:14611;ID:24:127;ID:67:3965;ID:68:0;ID:199:2049;ID:16:220887243;ID:11:89450421220;ID:14:518815960;";"";"";
"02-04-2026 11:09:27";14;"0";"";"Fredskovvej , 4773 Stensved, Danmark";54,960632;11,996353;78;"false";"false";"false";"false";"Moving";"[Event=0]ID:239:1;ID:240:1;ID:80:1;ID:21:5;ID:200:0;ID:69:1;ID:181:12;ID:182:7;ID:66:14612;ID:24:76;ID:67:3965;ID:68:0;ID:199:1514;ID:16:220888757;ID:11:89450421220;ID:14:518815960;";"";"";
"02-04-2026 11:10:27";14;"0";"";"Sydmotorvejen ,  , Danmark";54,949902;11,984217;85;"false";"false";"false";"false";"Moving";"[Event=0]ID:239:1;ID:240:1;ID:80:1;ID:21:5;ID:200:0;ID:69:1;ID:181:14;ID:182:7;ID:66:14613;ID:24:89;ID:67:3966;ID:68:0;ID:199:1425;ID:16:220890182;ID:11:89450421220;ID:14:518815960;";"";"";
"02-04-2026 11:11:27";14;"0";"";"Sydmotorvejen ,  , Danmark";54,939678;11,968752;94;"false";"false";"false";"false";"Moving";"[Event=0]ID:239:1;ID:240:1;ID:80:1;ID:21:5;ID:200:0;ID:69:1;ID:181:13;ID:182:7;ID:66:14566;ID:24:94;ID:67:3966;ID:68:0;ID:199:1502;ID:16:220891684;ID:11:89450421220;ID:14:518815960;";"";"";
"02-04-2026 11:12:27";14;"0";"";"Sydmotorvejen ,  , Danmark";54,928719;11,948842;112;"false";"false";"false";"false";"Moving";"[Event=0]ID:239:1;ID:240:1;ID:80:1;ID:21:5;ID:200:0;ID:69:1;ID:181:12;ID:182:7;ID:66:14567;ID:24:111;ID:67:3967;ID:68:0;ID:199:1760;ID:16:220893444;ID:11:89450421220;ID:14:518815960;";"";"";
"02-04-2026 11:13:27";14;"0";"";"Sydmotorvejen , 4863 Eskilstrup, Danmark";54,914299;11,931125;125;"false";"false";"false";"false";"Moving";"[Event=0]ID:239:1;ID:240:1;ID:80:1;ID:21:4;ID:200:0;ID:69:1;ID:181:12;ID:182:6;ID:66:14582;ID:24:125;ID:67:3965;ID:68:0;ID:199:2011;ID:16:220895455;ID:11:89450421220;ID:14:518815960;";"";"";
"02-04-2026 11:14:23";13;"0";"";"Sydmotorvejen , 4863 Eskilstrup, Danmark";54,897209;11,921248;125;"false";"false";"false";"false";"Moving";"[Event=0]ID:239:1;ID:240:1;ID:80:1;ID:21:5;ID:200:0;ID:69:1;ID:181:12;ID:182:7;ID:66:14600;ID:24:126;ID:67:3967;ID:68:0;ID:199:1968;ID:16:220897423;ID:11:89450421220;ID:14:518815960;";"";"";
"02-04-2026 11:15:23";14;"0";"";"Sydmotorvejen , 4863 Eskilstrup, Danmark";54,881454;11,907407;122;"false";"false";"false";"false";"Moving";"[Event=0]ID:239:1;ID:240:1;ID:80:1;ID:21:5;ID:200:0;ID:69:1;ID:181:15;ID:182:8;ID:66:14578;ID:24:122;ID:67:3967;ID:68:0;ID:199:1978;ID:16:220899401;ID:11:89450421220;ID:14:518815960;";"";"";
"02-04-2026 11:16:23";14;"0";"";"Sydmotorvejen , 4863 Eskilstrup, Danmark";54,870983;11,881614;112;"false";"false";"false";"false";"Moving";"[Event=0]ID:239:1;ID:240:1;ID:80:1;ID:21:4;ID:200:0;ID:69:1;ID:181:12;ID:182:7;ID:66:14617;ID:24:113;ID:67:3967;ID:68:0;ID:199:2036;ID:16:220901437;ID:11:89450421220;ID:14:518815960;";"";"";
"02-04-2026 11:17:23";14;"0";"";"Sydmotorvejen , 4863 Eskilstrup, Danmark";54,863449;11,856048;118;"false";"false";"false";"false";"Moving";"[Event=0]ID:239:1;ID:240:1;ID:80:1;ID:21:5;ID:200:0;ID:69:1;ID:181:13;ID:182:7;ID:66:14604;ID:24:117;ID:67:3967;ID:68:0;ID:199:1835;ID:16:220903272;ID:11:89450421220;ID:14:518815960;";"";"";
"02-04-2026 11:18:22";14;"0";"";"Sydmotorvejen ,  , Danmark";54,85083;11,83365;125;"false";"false";"false";"false";"Moving";"[Event=0]ID:239:1;ID:240:1;ID:80:1;ID:21:4;ID:200:0;ID:69:1;ID:181:13;ID:182:7;ID:66:14595;ID:24:125;ID:67:3967;ID:68:0;ID:199:2034;ID:16:220905306;ID:11:89450421220;ID:14:518815960;";"";"";
"02-04-2026 11:19:22";14;"0";"";"Sydmotorvejen, E 47, Danmark";54,839577;11,816042;93;"false";"false";"false";"false";"Moving";"[Event=0]ID:239:1;ID:240:1;ID:80:1;ID:21:4;ID:200:0;ID:69:1;ID:181:13;ID:182:7;ID:66:14619;ID:24:92;ID:67:3967;ID:68:0;ID:199:1712;ID:16:220907018;ID:11:89450421220;ID:14:518815960;";"";"";
"02-04-2026 11:20:22";0;"0";"";"Froensevej ,  , Danmark";54,834885;11,8002;0;"false";"false";"false";"false";"Moving";"[Event=0]ID:239:1;ID:240:1;ID:80:1;ID:21:3;ID:200:0;ID:69:2;ID:181:0;ID:182:0;ID:66:14591;ID:24:0;ID:67:3967;ID:68:0;ID:199:1168;ID:16:220908186;ID:11:89450421220;ID:14:518815960;";"";"";
"02-04-2026 11:20:42";12;"0";"";"Sydmotorvejen ,  , Danmark";54,833;11,791799;78;"false";"false";"false";"false";"Moving";"[Event=0]ID:239:1;ID:240:1;ID:80:1;ID:21:3;ID:200:0;ID:69:1;ID:181:17;ID:182:8;ID:66:14600;ID:24:78;ID:67:3966;ID:68:0;ID:199:0;ID:16:220908186;ID:11:89450421220;ID:14:518815960;";"";"";
"02-04-2026 11:21:42";14;"0";"";"Sydmotorvejen , 4862 Guldborg, Danmark";54,829525;11,763011;125;"false";"false";"false";"false";"Moving";"[Event=0]ID:239:1;ID:240:1;ID:80:1;ID:21:5;ID:200:0;ID:69:1;ID:181:13;ID:182:7;ID:66:14603;ID:24:125;ID:67:3967;ID:68:0;ID:199:2464;ID:16:220910650;ID:11:89450421220;ID:14:518815960;";"";"";
"02-04-2026 11:22:42";14;"0";"";"Sydmotorvejen , 4862 Guldborg, Danmark";54,826649;11,731813;119;"false";"false";"false";"false";"Moving";"[Event=0]ID:239:1;ID:240:1;ID:80:1;ID:21:4;ID:200:0;ID:69:1;ID:181:13;ID:182:7;ID:66:14605;ID:24:119;ID:67:3967;ID:68:0;ID:199:2022;ID:16:220912672;ID:11:89450421220;ID:14:518815960;";"";"";
"02-04-2026 11:23:42";14;"0";"";"Sydmotorvejen 454, 4990 Sakskĝbing, Danmark";54,819988;11,702683;123;"false";"false";"false";"false";"Moving";"[Event=0]ID:239:1;ID:240:1;ID:80:1;ID:21:3;ID:200:0;ID:69:1;ID:181:13;ID:182:7;ID:66:14599;ID:24:123;ID:67:3967;ID:68:0;ID:199:2024;ID:16:220914696;ID:11:89450421220;ID:14:518815960;";"";"";
"02-04-2026 11:24:42";14;"0";"";"Sydmotorvejen , 4862 Guldborg, Danmark";54,807194;11,683425;121;"false";"false";"false";"false";"Moving";"[Event=0]ID:239:1;ID:240:1;ID:80:1;ID:21:4;ID:200:0;ID:69:1;ID:181:14;ID:182:7;ID:66:14583;ID:24:121;ID:67:3967;ID:68:0;ID:199:1888;ID:16:220916584;ID:11:89450421220;ID:14:518815960;";"";"";
"02-04-2026 11:25:42";13;"0";"";"Sydmotorvejen, E 47, 4990 Sakskĝbing, Danmark";54,794872;11,660336;97;"false";"false";"false";"false";"Moving";"[Event=0]ID:239:1;ID:240:1;ID:80:1;ID:21:5;ID:200:0;ID:69:1;ID:181:14;ID:182:8;ID:66:14611;ID:24:97;ID:67:3965;ID:68:0;ID:199:2019;ID:16:220918603;ID:11:89450421220;ID:14:518815960;";"";"";
"02-04-2026 11:26:27";12;"0";"";"Sydmotorvejen , 4990 Sakskĝbing, Danmark";54,791462;11,641677;105;"false";"false";"false";"false";"Moving";"[Event=0]ID:239:1;ID:240:1;ID:80:1;ID:21:4;ID:200:0;ID:69:1;ID:181:14;ID:182:8;ID:66:14595;ID:24:105;ID:67:3967;ID:68:0;ID:199:1294;ID:16:220919897;ID:11:89450421220;ID:14:518815960;";"";"";
"02-04-2026 11:27:27";14;"0";"";"Sydmotorvejen , 4990 Sakskĝbing, Danmark";54,79216;11,614538;103;"false";"false";"false";"false";"Moving";"[Event=0]ID:239:1;ID:240:1;ID:80:1;ID:21:5;ID:200:0;ID:69:1;ID:181:13;ID:182:7;ID:66:14610;ID:24:103;ID:67:3967;ID:68:0;ID:199:1754;ID:16:220921651;ID:11:89450421220;ID:14:518815960;";"";"";
"02-04-2026 11:28:27";14;"0";"";"Sydmotorvejen , 4990 Sakskĝbing, Danmark";54,78812;11,588319;104;"false";"false";"false";"false";"Moving";"[Event=0]ID:239:1;ID:240:1;ID:80:1;ID:21:5;ID:200:0;ID:69:1;ID:181:13;ID:182:7;ID:66:14614;ID:24:104;ID:67:3967;ID:68:0;ID:199:1739;ID:16:220923390;ID:11:89450421220;ID:14:518815960;";"";"";
"02-04-2026 11:29:27";14;"0";"";"Sydmotorvejen ,  , Danmark";54,78978;11,562114;108;"false";"false";"false";"false";"Moving";"[Event=0]ID:239:1;ID:240:1;ID:80:1;ID:21:4;ID:200:0;ID:69:1;ID:181:13;ID:182:7;ID:66:14605;ID:24:108;ID:67:3967;ID:68:0;ID:199:1759;ID:16:220925149;ID:11:89450421220;ID:14:518815960;";"";"";
"02-04-2026 11:30:27";14;"0";"";"Sydmotorvejen , 4930 Maribo, Danmark";54,790638;11,533588;119;"false";"false";"false";"false";"Moving";"[Event=0]ID:239:1;ID:240:1;ID:80:1;ID:21:5;ID:200:0;ID:69:1;ID:181:15;ID:182:7;ID:66:14613;ID:24:119;ID:67:3967;ID:68:0;ID:199:1893;ID:16:220927042;ID:11:89450421220;ID:14:518815960;";"";"";
"02-04-2026 11:31:27";14;"0";"";"Sydmotorvejen , 4930 Maribo, Danmark";54,785324;11,506351;108;"false";"false";"false";"false";"Moving";"[Event=0]ID:239:1;ID:240:1;ID:80:1;ID:21:5;ID:200:0;ID:69:1;ID:181:12;ID:182:7;ID:66:14612;ID:24:108;ID:67:3967;ID:68:0;ID:199:1847;ID:16:220928889;ID:11:89450421220;ID:14:518815960;";"";"";
"02-04-2026 11:32:24";14;"0";"";"Sydmotorvejen , 4930 Maribo, Danmark";54,780582;11,484406;60;"false";"false";"false";"false";"Moving";"[Event=0]ID:239:1;ID:240:1;ID:80:1;ID:21:5;ID:200:0;ID:69:1;ID:181:14;ID:182:7;ID:66:14611;ID:24:60;ID:67:3967;ID:68:0;ID:199:1521;ID:16:220930410;ID:11:89450421220;ID:14:518815960;";"";"";
"02-04-2026 11:32:40";14;"0";"";"Vestre Landevej 10A, 4930 Maribo, Danmark";54,78109;11,480335;54;"false";"false";"false";"false";"Moving";"[Event=0]ID:239:1;ID:240:1;ID:80:1;ID:21:5;ID:200:0;ID:69:1;ID:181:13;ID:182:7;ID:66:14570;ID:24:54;ID:67:3967;ID:68:0;ID:199:283;ID:16:220930693;ID:11:89450421220;ID:14:518815960;";"";"";
"02-04-2026 11:32:51";14;"0";"";"Vestre Landevej 10, 4930 Maribo, Danmark";54,780621;11,4792;21;"false";"false";"false";"false";"Moving";"[Event=0]ID:239:1;ID:240:1;ID:80:1;ID:21:5;ID:200:0;ID:69:1;ID:181:13;ID:182:7;ID:66:14594;ID:24:21;ID:67:3967;ID:68:0;ID:199:92;ID:16:220930785;ID:11:89450421220;ID:14:518815960;";"";"";
"02-04-2026 11:32:54";14;"0";"";"Vestre Landevej , 4930 Maribo, Danmark";54,78043;11,47929;30;"false";"false";"false";"false";"Moving";"[Event=0]ID:239:1;ID:240:1;ID:80:1;ID:21:5;ID:200:0;ID:69:1;ID:181:13;ID:182:7;ID:66:14575;ID:24:30;ID:67:3966;ID:68:0;ID:199:22;ID:16:220930807;ID:11:89450421220;ID:14:518815960;";"";"";
"02-04-2026 11:33:46";14;"0";"";"153 , 4930 Maribo, Danmark";54,775291;11,486529;21;"false";"false";"false";"false";"Moving";"[Event=0]ID:239:1;ID:240:1;ID:80:1;ID:21:5;ID:200:0;ID:69:1;ID:181:13;ID:182:7;ID:66:14600;ID:24:21;ID:67:3967;ID:68:0;ID:199:747;ID:16:220931554;ID:11:89450421220;ID:14:518815960;";"";"";
"02-04-2026 11:34:46";13;"0";"";"Vestergade 42C, 4930 Maribo, Danmark";54,775303;11,495905;22;"false";"false";"false";"false";"Moving";"[Event=0]ID:239:1;ID:240:1;ID:80:1;ID:21:5;ID:200:0;ID:69:1;ID:181:16;ID:182:8;ID:66:14607;ID:24:22;ID:67:3967;ID:68:0;ID:199:614;ID:16:220932168;ID:11:89450421220;ID:14:518815960;";"";"";
"02-04-2026 11:35:21";14;"0";"";"Vestergade 16B, 4930 Maribo, Danmark";54,774357;11,498645;10;"false";"false";"false";"false";"Moving";"[Event=0]ID:239:1;ID:240:1;ID:80:1;ID:21:5;ID:200:0;ID:69:1;ID:181:12;ID:182:7;ID:66:14584;ID:24:10;ID:67:3967;ID:68:0;ID:199:210;ID:16:220932378;ID:11:89450421220;ID:14:518815960;";"";"";
"02-04-2026 11:36:21";14;"0";"";"Vestergade , 4930 Maribo, Danmark";54,774311;11,49859;0;"false";"false";"false";"false";"Moving";"[Event=0]ID:239:1;ID:240:1;ID:80:1;ID:21:5;ID:200:0;ID:69:1;ID:181:11;ID:182:8;ID:66:14602;ID:24:0;ID:67:3967;ID:68:0;ID:199:0;ID:16:220932378;ID:11:89450421220;ID:14:518815960;";"";"";
"02-04-2026 11:36:31";14;"239";"";"Vestergade , 4930 Maribo, Danmark";54,774311;11,49859;0;"false";"false";"false";"false";"Moving";"[Event=239]ID:239:0;ID:240:1;ID:80:0;ID:21:5;ID:200:0;ID:69:1;ID:181:16;ID:182:9;ID:66:14574;ID:24:0;ID:67:3967;ID:68:0;ID:199:0;ID:16:220932378;ID:11:89450421220;ID:14:518815960;";"";"";
"02-04-2026 11:37:23";14;"240";"";"Vestergade , 4930 Maribo, Danmark";54,774311;11,49859;0;"false";"false";"false";"false";"Moving";"[Event=240]ID:239:0;ID:240:0;ID:80:0;ID:21:4;ID:200:0;ID:69:1;ID:181:11;ID:182:8;ID:66:14596;ID:24:0;ID:67:3967;ID:68:0;ID:199:0;ID:16:220932378;ID:11:89450421220;ID:14:518815960;";"";"";
"02-04-2026 11:37:30";14;"250";"";"Vestergade , 4930 Maribo, Danmark";54,774311;11,49859;0;"false";"false";"false";"false";"Stop";"[Event=250]ID:239:0;ID:240:0;ID:80:0;ID:21:4;ID:200:0;ID:69:1;ID:250:0;ID:181:11;ID:182:8;ID:66:14585;ID:24:0;ID:67:3967;ID:68:0;ID:199:0;ID:16:220932378;ID:11:89450421220;ID:14:518815960;";"";"";
"02-04-2026 11:38:38";14;"0";"";"Vestergade , 4930 Maribo, Danmark";54,774311;11,49859;0;"false";"false";"false";"false";"Paused";"[Event=0]ID:239:0;ID:240:0;ID:80:1;ID:21:5;ID:200:0;ID:69:1;ID:181:12;ID:182:7;ID:66:14578;ID:24:0;ID:67:3967;ID:68:0;ID:199:0;ID:16:220932378;ID:11:89450421220;ID:14:518815960;";"";"";
"02-04-2026 11:38:38";14;"239";"";"Vestergade , 4930 Maribo, Danmark";54,774311;11,49859;0;"false";"false";"false";"false";"Paused";"[Event=239]ID:239:1;ID:240:0;ID:80:1;ID:21:5;ID:200:0;ID:69:1;ID:181:12;ID:182:7;ID:66:14543;ID:24:0;ID:67:3965;ID:68:0;ID:199:0;ID:16:220932378;ID:11:89450421220;ID:14:518815960;";"";"";
"02-04-2026 11:38:54";14;"0";"";"Vestergade 16B, 4930 Maribo, Danmark";54,774303;11,498692;7;"false";"false";"false";"false";"Paused";"[Event=0]ID:239:1;ID:240:0;ID:80:1;ID:21:4;ID:200:0;ID:69:1;ID:181:10;ID:182:7;ID:66:14603;ID:24:7;ID:67:3967;ID:68:0;ID:199:6;ID:16:220932384;ID:11:89450421220;ID:14:518815960;";"";"";
"02-04-2026 11:38:54";14;"250";"";"Vestergade 16B, 4930 Maribo, Danmark";54,774303;11,498692;7;"false";"false";"false";"false";"Start";"[Event=250]ID:239:1;ID:240:0;ID:80:1;ID:21:4;ID:200:0;ID:69:1;ID:250:1;ID:181:10;ID:182:7;ID:66:14603;ID:24:7;ID:67:3967;ID:68:0;ID:199:0;ID:16:220932384;ID:11:89450421220;ID:14:518815960;";"";"";
"02-04-2026 11:39:09";13;"0";"";"Vestergade 10, 4930 Maribo, Danmark";54,77422;11,499152;8;"false";"false";"false";"false";"Moving";"[Event=0]ID:239:1;ID:240:0;ID:80:1;ID:21:4;ID:200:0;ID:69:1;ID:181:14;ID:182:8;ID:66:14606;ID:24:8;ID:67:3967;ID:68:0;ID:199:36;ID:16:220932420;ID:11:89450421220;ID:14:518815960;";"";"";
"02-04-2026 11:39:31";13;"240";"";"Torvet 2, 4930 Maribo, Danmark";54,774475;11,501039;8;"false";"false";"false";"false";"Moving";"[Event=240]ID:239:1;ID:240:1;ID:80:1;ID:21:5;ID:200:0;ID:69:1;ID:181:14;ID:182:8;ID:66:14602;ID:24:8;ID:67:3967;ID:68:0;ID:199:123;ID:16:220932543;ID:11:89450421220;ID:14:518815960;";"";"";
"02-04-2026 11:39:35";14;"0";"";"Torvet 2, 4930 Maribo, Danmark";54,774437;11,501122;8;"false";"false";"false";"false";"Moving";"[Event=0]ID:239:1;ID:240:1;ID:80:1;ID:21:5;ID:200:0;ID:69:1;ID:181:14;ID:182:7;ID:66:14567;ID:24:8;ID:67:3967;ID:68:0;ID:199:9;ID:16:220932552;ID:11:89450421220;ID:14:518815960;";"";"";
"02-04-2026 11:39:58";14;"0";"";"Torvet 24, 4930 Maribo, Danmark";54,773396;11,501606;24;"false";"false";"false";"false";"Moving";"[Event=0]ID:239:1;ID:240:1;ID:80:1;ID:21:5;ID:200:0;ID:69:1;ID:181:13;ID:182:7;ID:66:14603;ID:24:24;ID:67:3967;ID:68:0;ID:199:130;ID:16:220932682;ID:11:89450421220;ID:14:518815960;";"";"";
"02-04-2026 11:40:49";13;"0";"";"Skimminge 7, 4930 Maribo, Danmark";54,77351;11,507363;15;"false";"false";"false";"false";"Moving";"[Event=0]ID:239:1;ID:240:1;ID:80:1;ID:21:4;ID:200:0;ID:69:1;ID:181:14;ID:182:7;ID:66:14592;ID:24:15;ID:67:3967;ID:68:0;ID:199:375;ID:16:220933057;ID:11:89450421220;ID:14:518815960;";"";"";
"02-04-2026 11:41:08";14;"0";"";"Ĝstergade 52A, 4930 Maribo, Danmark";54,774368;11,507968;7;"false";"false";"false";"false";"Moving";"[Event=0]ID:239:1;ID:240:1;ID:80:1;ID:21:4;ID:200:0;ID:69:1;ID:181:10;ID:182:7;ID:66:14594;ID:24:7;ID:67:3967;ID:68:0;ID:199:108;ID:16:220933165;ID:11:89450421220;ID:14:518815960;";"";"";
"02-04-2026 11:42:08";14;"0";"";"153 , 4930 Maribo, Danmark";54,777439;11,516943;24;"false";"false";"false";"false";"Moving";"[Event=0]ID:239:1;ID:240:1;ID:80:1;ID:21:5;ID:200:0;ID:69:1;ID:181:14;ID:182:7;ID:66:14571;ID:24:24;ID:67:3967;ID:68:0;ID:199:693;ID:16:220933858;ID:11:89450421220;ID:14:518815960;";"";"";
"02-04-2026 11:43:08";14;"0";"";"Ĝstre Landevej 90, 4930 Maribo, Danmark";54,780174;11,527551;40;"false";"false";"false";"false";"Moving";"[Event=0]ID:239:1;ID:240:1;ID:80:1;ID:21:5;ID:200:0;ID:69:1;ID:181:13;ID:182:7;ID:66:14625;ID:24:40;ID:67:3967;ID:68:0;ID:199:752;ID:16:220934610;ID:11:89450421220;ID:14:518815960;";"";"";
"02-04-2026 11:44:08";14;"0";"";"Ĝstre Landevej 119, 4930 Maribo, Danmark";54,784134;11,544579;80;"false";"false";"false";"false";"Moving";"[Event=0]ID:239:1;ID:240:1;ID:80:1;ID:21:4;ID:200:0;ID:69:1;ID:181:12;ID:182:6;ID:66:14618;ID:24:80;ID:67:3967;ID:68:0;ID:199:1177;ID:16:220935787;ID:11:89450421220;ID:14:518815960;";"";"";
"02-04-2026 11:45:08";14;"0";"";"Maribovej 150, 4990 Sakskĝbing, Danmark";54,788456;11,56277;31;"false";"false";"false";"false";"Moving";"[Event=0]ID:239:1;ID:240:1;ID:80:1;ID:21:4;ID:200:0;ID:69:1;ID:181:13;ID:182:7;ID:66:14586;ID:24:31;ID:67:3967;ID:68:0;ID:199:1260;ID:16:220937047;ID:11:89450421220;ID:14:518815960;";"";"";
"02-04-2026 11:45:12";14;"0";"";"Maribovej ,  , Danmark";54,788338;11,563193;33;"false";"false";"false";"false";"Moving";"[Event=0]ID:239:1;ID:240:1;ID:80:1;ID:21:4;ID:200:0;ID:69:1;ID:181:13;ID:182:7;ID:66:14573;ID:24:33;ID:67:3967;ID:68:0;ID:199:33;ID:16:220937080;ID:11:89450421220;ID:14:518815960;";"";"";
"02-04-2026 11:45:18";14;"0";"";"Maribovej ,  , Danmark";54,788101;11,564151;47;"false";"false";"false";"false";"Moving";"[Event=0]ID:239:1;ID:240:1;ID:80:1;ID:21:4;ID:200:0;ID:69:1;ID:181:14;ID:182:7;ID:66:14583;ID:24:47;ID:67:3967;ID:68:0;ID:199:69;ID:16:220937149;ID:11:89450421220;ID:14:518815960;";"";"";
"02-04-2026 11:46:18";14;"0";"";"Sydmotorvejen , 4990 Sakskĝbing, Danmark";54,788082;11,588615;110;"false";"false";"false";"false";"Moving";"[Event=0]ID:239:1;ID:240:1;ID:80:1;ID:21:4;ID:200:0;ID:69:1;ID:181:14;ID:182:7;ID:66:14628;ID:24:110;ID:67:3967;ID:68:0;ID:199:1601;ID:16:220938750;ID:11:89450421220;ID:14:518815960;";"";"";
"02-04-2026 11:47:18";14;"0";"";"Sydmotorvejen , 4990 Sakskĝbing, Danmark";54,79229;11,616282;113;"false";"false";"false";"false";"Moving";"[Event=0]ID:239:1;ID:240:1;ID:80:1;ID:21:5;ID:200:0;ID:69:1;ID:181:13;ID:182:7;ID:66:14609;ID:24:113;ID:67:3967;ID:68:0;ID:199:1834;ID:16:220940584;ID:11:89450421220;ID:14:518815960;";"";"";
"02-04-2026 11:48:18";14;"0";"";"Sydmotorvejen , 4990 Sakskĝbing, Danmark";54,791245;11,644363;104;"false";"false";"false";"false";"Moving";"[Event=0]ID:239:1;ID:240:1;ID:80:1;ID:21:5;ID:200:0;ID:69:1;ID:181:13;ID:182:7;ID:66:14620;ID:24:104;ID:67:3967;ID:68:0;ID:199:1812;ID:16:220942396;ID:11:89450421220;ID:14:518815960;";"";"";
"02-04-2026 11:48:59";14;"0";"";"Nykĝbingvej 102, 4990 Sakskĝbing, Danmark";54,792953;11,659872;77;"false";"false";"false";"false";"Moving";"[Event=0]ID:239:1;ID:240:1;ID:80:1;ID:21:4;ID:200:0;ID:69:1;ID:181:16;ID:182:9;ID:66:14588;ID:24:77;ID:67:3967;ID:68:0;ID:199:1029;ID:16:220943425;ID:11:89450421220;ID:14:518815960;";"";"";
"02-04-2026 11:49:09";14;"0";"";"Nykĝbingvej , 4990 Sakskĝbing, Danmark";54,793682;11,661137;27;"false";"false";"false";"false";"Moving";"[Event=0]ID:239:1;ID:240:1;ID:80:1;ID:21:4;ID:200:0;ID:69:1;ID:181:13;ID:182:7;ID:66:14602;ID:24:27;ID:67:3967;ID:68:0;ID:199:117;ID:16:220943542;ID:11:89450421220;ID:14:518815960;";"";"";
"02-04-2026 11:50:09";14;"0";"";"Nykĝbingvej 110B, 4990 Sakskĝbing, Danmark";54,788589;11,681091;69;"false";"false";"false";"false";"Moving";"[Event=0]ID:239:1;ID:240:1;ID:80:1;ID:21:4;ID:200:0;ID:69:1;ID:181:12;ID:182:6;ID:66:14580;ID:24:69;ID:67:3967;ID:68:0;ID:199:1398;ID:16:220944940;ID:11:89450421220;ID:14:518815960;";"";"";
"02-04-2026 11:51:09";14;"0";"";"Nykĝbingvej 144, 4990 Sakskĝbing, Danmark";54,784603;11,696722;70;"false";"false";"false";"false";"Moving";"[Event=0]ID:239:1;ID:240:1;ID:80:1;ID:21:3;ID:200:0;ID:69:1;ID:181:13;ID:182:7;ID:66:14590;ID:24:70;ID:67:3967;ID:68:0;ID:199:1096;ID:16:220946036;ID:11:89450421220;ID:14:518815960;";"";"";
"02-04-2026 11:52:09";14;"0";"";"Nykĝbingvej 285, 4990 Sakskĝbing, Danmark";54,779572;11,71644;77;"false";"false";"false";"false";"Moving";"[Event=0]ID:239:1;ID:240:1;ID:80:1;ID:21:4;ID:200:0;ID:69:1;ID:181:12;ID:182:6;ID:66:14569;ID:24:77;ID:67:3967;ID:68:0;ID:199:1382;ID:16:220947418;ID:11:89450421220;ID:14:518815960;";"";"";
"02-04-2026 11:53:09";14;"0";"";"Nykĝbingvej 327, 4990 Sakskĝbing, Danmark";54,77467;11,735595;79;"false";"false";"false";"false";"Moving";"[Event=0]ID:239:1;ID:240:1;ID:80:1;ID:21:5;ID:200:0;ID:69:1;ID:181:12;ID:182:7;ID:66:14596;ID:24:79;ID:67:3967;ID:68:0;ID:199:1343;ID:16:220948761;ID:11:89450421220;ID:14:518815960;";"";"";
"02-04-2026 11:54:09";14;"0";"";"Sakskĝbingvej 6, 4891 Toreby L, Danmark";54,769611;11,755146;80;"false";"false";"false";"false";"Moving";"[Event=0]ID:239:1;ID:240:1;ID:80:1;ID:21:5;ID:200:0;ID:69:1;ID:181:12;ID:182:7;ID:66:14583;ID:24:80;ID:67:3967;ID:68:0;ID:199:1374;ID:16:220950135;ID:11:89450421220;ID:14:518815960;";"";"";
"02-04-2026 11:55:09";14;"0";"";"Sakskĝbingvej , 4891 Toreby L, Danmark";54,762184;11,772777;82;"false";"false";"false";"false";"Moving";"[Event=0]ID:239:1;ID:240:1;ID:80:1;ID:21:4;ID:200:0;ID:69:1;ID:181:13;ID:182:7;ID:66:14582;ID:24:82;ID:67:3967;ID:68:0;ID:199:1417;ID:16:220951552;ID:11:89450421220;ID:14:518815960;";"";"";
"02-04-2026 11:56:09";14;"0";"";"Sakskĝbingvej , 4891 Toreby L, Danmark";54,75771;11,793302;76;"false";"false";"false";"false";"Moving";"[Event=0]ID:239:1;ID:240:1;ID:80:1;ID:21:4;ID:200:0;ID:69:1;ID:181:13;ID:182:7;ID:66:13028;ID:24:76;ID:67:3967;ID:68:0;ID:199:1407;ID:16:220952959;ID:11:89450421220;ID:14:518815960;";"";"";
"02-04-2026 11:57:09";14;"0";"";"Sakskĝbingvej , 4891 Toreby L, Danmark";54,756275;11,813125;87;"false";"false";"false";"false";"Moving";"[Event=0]ID:239:1;ID:240:1;ID:80:1;ID:21:5;ID:200:0;ID:69:1;ID:181:15;ID:182:8;ID:66:13050;ID:24:87;ID:67:3967;ID:68:0;ID:199:1288;ID:16:220954247;ID:11:89450421220;ID:14:518815960;";"";"";
"02-04-2026 11:58:09";14;"0";"";"Sakskĝbingvej ,  , Danmark";54,757492;11,830095;57;"false";"false";"false";"false";"Moving";"[Event=0]ID:239:1;ID:240:1;ID:80:1;ID:21:5;ID:200:0;ID:69:1;ID:181:13;ID:182:7;ID:66:13109;ID:24:57;ID:67:3966;ID:68:0;ID:199:1102;ID:16:220955349;ID:11:89450421220;ID:14:518815960;";"";"";
"02-04-2026 11:59:09";13;"0";"";"Brovejen , 4800 Nykĝbing F, Danmark";54,75819;11,845515;60;"false";"false";"false";"false";"Moving";"[Event=0]ID:239:1;ID:240:1;ID:80:1;ID:21:5;ID:200:0;ID:69:1;ID:181:15;ID:182:8;ID:66:13083;ID:24:60;ID:67:3967;ID:68:0;ID:199:995;ID:16:220956344;ID:11:89450421220;ID:14:518815960;";"";"";
"02-04-2026 12:00:09";14;"0";"";"Brovejen , 4800 Nykĝbing F, Danmark";54,757339;11,856073;36;"false";"false";"false";"false";"Moving";"[Event=0]ID:239:1;ID:240:1;ID:80:1;ID:21:5;ID:200:0;ID:69:1;ID:181:13;ID:182:7;ID:66:13114;ID:24:36;ID:67:3967;ID:68:0;ID:199:689;ID:16:220957033;ID:11:89450421220;ID:14:518815960;";"";"";
"02-04-2026 12:01:09";14;"0";"";"Brovejen , 4800 Nykĝbing F, Danmark";54,760216;11,869781;48;"false";"false";"false";"false";"Moving";"[Event=0]ID:239:1;ID:240:1;ID:80:1;ID:21:5;ID:200:0;ID:69:1;ID:181:13;ID:182:7;ID:66:13108;ID:24:48;ID:67:3967;ID:68:0;ID:199:956;ID:16:220957989;ID:11:89450421220;ID:14:518815960;";"";"";
"02-04-2026 12:01:59";14;"0";"";"Nykĝbing Falster St. (Banegċrdspladsen), 4800 Nykĝbing Falster, Danmark";54,766552;11,8765;43;"false";"false";"false";"false";"Moving";"[Event=0]ID:239:1;ID:240:1;ID:80:1;ID:21:5;ID:200:0;ID:69:1;ID:181:13;ID:182:7;ID:66:13114;ID:24:43;ID:67:3967;ID:68:0;ID:199:831;ID:16:220958820;ID:11:89450421220;ID:14:518815960;";"";"";
"02-04-2026 12:02:59";14;"0";"";"Brovejen, 4800 Nykĝbing Falster, Danmark";54,767704;11,876536;0;"false";"false";"false";"false";"Moving";"[Event=0]ID:239:1;ID:240:1;ID:80:1;ID:21:5;ID:200:0;ID:69:1;ID:181:13;ID:182:7;ID:66:13093;ID:24:0;ID:67:3967;ID:68:0;ID:199:128;ID:16:220958948;ID:11:89450421220;ID:14:518815960;";"";"";
"02-04-2026 12:03:24";13;"0";"";"Engboulevarden , 4800 Nykĝbing F, Danmark";54,768127;11,876307;31;"false";"false";"false";"false";"Moving";"[Event=0]ID:239:1;ID:240:1;ID:80:1;ID:21:5;ID:200:0;ID:69:1;ID:181:14;ID:182:7;ID:66:13088;ID:24:31;ID:67:3967;ID:68:0;ID:199:62;ID:16:220959010;ID:11:89450421220;ID:14:518815960;";"";"";
"02-04-2026 12:04:24";14;"0";"";"Engboulevarden 14B, 4800 Nykĝbing F, Danmark";54,771053;11,868491;39;"false";"false";"false";"false";"Moving";"[Event=0]ID:239:1;ID:240:1;ID:80:1;ID:21:5;ID:200:0;ID:69:1;ID:181:13;ID:182:7;ID:66:13099;ID:24:39;ID:67:3967;ID:68:0;ID:199:601;ID:16:220959611;ID:11:89450421220;ID:14:518815960;";"";"";
"02-04-2026 12:04:45";13;"0";"";"Engboulevarden 8D, 4800 Nykĝbing F, Danmark";54,772621;11,866675;50;"false";"false";"false";"false";"Moving";"[Event=0]ID:239:1;ID:240:1;ID:80:1;ID:21:5;ID:200:0;ID:69:1;ID:181:18;ID:182:10;ID:66:13111;ID:24:50;ID:67:3967;ID:68:0;ID:199:222;ID:16:220959833;ID:11:89450421220;ID:14:518815960;";"";"";
"02-04-2026 12:05:45";13;"0";"";"Gaabensevej 41, 4800 Nykĝbing F, Danmark";54,776066;11,867097;41;"false";"false";"false";"false";"Moving";"[Event=0]ID:239:1;ID:240:1;ID:80:1;ID:21:5;ID:200:0;ID:69:1;ID:181:15;ID:182:8;ID:66:13097;ID:24:41;ID:67:3967;ID:68:0;ID:199:387;ID:16:220960220;ID:11:89450421220;ID:14:518815960;";"";"";
"02-04-2026 12:06:28";13;"0";"";"Ejegodvej, 4800 Nykĝbing F, Danmark";54,780045;11,866832;22;"false";"false";"false";"false";"Moving";"[Event=0]ID:239:1;ID:240:1;ID:80:1;ID:21:5;ID:200:0;ID:69:1;ID:181:15;ID:182:8;ID:66:13092;ID:24:22;ID:67:3967;ID:68:0;ID:199:447;ID:16:220960667;ID:11:89450421220;ID:14:518815960;";"";"";
"02-04-2026 12:07:05";13;"0";"";"Ejegodvej, 4800 Nykĝbing F, Danmark";54,779816;11,860066;25;"false";"false";"false";"false";"Moving";"[Event=0]ID:239:1;ID:240:1;ID:80:1;ID:21:5;ID:200:0;ID:69:1;ID:181:15;ID:182:8;ID:66:13131;ID:24:25;ID:67:3967;ID:68:0;ID:199:435;ID:16:220961102;ID:11:89450421220;ID:14:518815960;";"";"";
"02-04-2026 12:07:08";14;"0";"";"Fjordvej, 4800 Nykĝbing F, Danmark";54,779686;11,859926;21;"false";"false";"false";"false";"Moving";"[Event=0]ID:239:1;ID:240:1;ID:80:1;ID:21:5;ID:200:0;ID:69:1;ID:181:13;ID:182:7;ID:66:13092;ID:24:21;ID:67:3967;ID:68:0;ID:199:19;ID:16:220961121;ID:11:89450421220;ID:14:518815960;";"";"";
"02-04-2026 12:07:19";12;"0";"";"Hospitalsvej, 4800 Nykĝbing Falster, Danmark";54,779129;11,860049;15;"false";"false";"false";"false";"Moving";"[Event=0]ID:239:1;ID:240:1;ID:80:1;ID:21:5;ID:200:0;ID:69:1;ID:181:15;ID:182:8;ID:66:13109;ID:24:15;ID:67:3967;ID:68:0;ID:199:64;ID:16:220961185;ID:11:89450421220;ID:14:518815960;";"";"";
"02-04-2026 12:07:23";13;"0";"";"Hospitalsvej, 4800 Nykĝbing Falster, Danmark";54,779041;11,860207;9;"false";"false";"false";"false";"Moving";"[Event=0]ID:239:1;ID:240:1;ID:80:1;ID:21:5;ID:200:0;ID:69:1;ID:181:15;ID:182:8;ID:66:13049;ID:24:9;ID:67:3967;ID:68:0;ID:199:16;ID:16:220961201;ID:11:89450421220;ID:14:518815960;";"";"";
"02-04-2026 12:07:25";14;"0";"";"Hospitalsvej, 4800 Nykĝbing Falster, Danmark";54,779007;11,860153;7;"false";"false";"false";"false";"Moving";"[Event=0]ID:239:1;ID:240:1;ID:80:1;ID:21:5;ID:200:0;ID:69:1;ID:181:14;ID:182:8;ID:66:13050;ID:24:7;ID:67:3967;ID:68:0;ID:199:3;ID:16:220961204;ID:11:89450421220;ID:14:518815960;";"";"";
"02-04-2026 12:08:25";14;"0";"";"Hospitalsvej, 4800 Nykĝbing Falster, Danmark";54,779007;11,860115;0;"false";"false";"false";"false";"Moving";"[Event=0]ID:239:1;ID:240:1;ID:80:1;ID:21:5;ID:200:0;ID:69:1;ID:181:14;ID:182:8;ID:66:12853;ID:24:0;ID:67:3967;ID:68:0;ID:199:0;ID:16:220961204;ID:11:89450421220;ID:14:518815960;";"";"";
"02-04-2026 12:08:33";13;"239";"";"Hospitalsvej, 4800 Nykĝbing Falster, Danmark";54,779007;11,860115;0;"false";"false";"false";"false";"Moving";"[Event=239]ID:239:0;ID:240:1;ID:80:0;ID:21:5;ID:200:0;ID:69:1;ID:181:15;ID:182:8;ID:66:12878;ID:24:0;ID:67:3967;ID:68:0;ID:199:0;ID:16:220961204;ID:11:89450421220;ID:14:518815960;";"";"";
"02-04-2026 12:09:26";14;"240";"";"Hospitalsvej, 4800 Nykĝbing Falster, Danmark";54,779007;11,860115;0;"false";"false";"false";"false";"Moving";"[Event=240]ID:239:0;ID:240:0;ID:80:0;ID:21:5;ID:200:0;ID:69:1;ID:181:14;ID:182:7;ID:66:12811;ID:24:0;ID:67:3967;ID:68:0;ID:199:0;ID:16:220961204;ID:11:89450421220;ID:14:518815960;";"";"";
"02-04-2026 12:09:33";14;"250";"";"Hospitalsvej, 4800 Nykĝbing Falster, Danmark";54,779007;11,860115;0;"false";"false";"false";"false";"Stop";"[Event=250]ID:239:0;ID:240:0;ID:80:0;ID:21:5;ID:200:0;ID:69:1;ID:250:0;ID:181:14;ID:182:7;ID:66:12537;ID:24:0;ID:67:3967;ID:68:0;ID:199:0;ID:16:220961204;ID:11:89450421220;ID:14:518815960;";"";"";
"02-04-2026 12:23:49";14;"0";"";"Hospitalsvej, 4800 Nykĝbing Falster, Danmark";54,779083;11,860049;0;"false";"false";"false";"false";"Paused";"[Event=0]ID:239:0;ID:240:0;ID:80:1;ID:21:5;ID:200:0;ID:69:1;ID:181:14;ID:182:8;ID:66:12811;ID:24:0;ID:67:3967;ID:68:0;ID:199:0;ID:16:220961204;ID:11:89450421220;ID:14:518815960;";"";"";
"02-04-2026 12:23:50";14;"239";"";"Hospitalsvej, 4800 Nykĝbing Falster, Danmark";54,779083;11,860049;0;"false";"false";"false";"false";"Paused";"[Event=239]ID:239:1;ID:240:0;ID:80:1;ID:21:5;ID:200:0;ID:69:1;ID:181:14;ID:182:7;ID:66:12789;ID:24:0;ID:67:3967;ID:68:0;ID:199:0;ID:16:220961204;ID:11:89450421220;ID:14:518815960;";"";"";
"02-04-2026 12:24:43";14;"240";"";"Hospitalsvej, 4800 Nykĝbing Falster, Danmark";54,779083;11,860049;0;"false";"false";"false";"false";"Paused";"[Event=240]ID:239:1;ID:240:1;ID:80:1;ID:21:5;ID:200:0;ID:69:1;ID:181:13;ID:182:7;ID:66:12853;ID:24:0;ID:67:3967;ID:68:0;ID:199:0;ID:16:220961204;ID:11:89450421220;ID:14:518815960;";"";"";
"02-04-2026 12:24:52";14;"239";"";"Hospitalsvej, 4800 Nykĝbing Falster, Danmark";54,779083;11,860049;0;"false";"false";"false";"false";"Paused";"[Event=239]ID:239:0;ID:240:1;ID:80:0;ID:21:5;ID:200:0;ID:69:1;ID:181:15;ID:182:8;ID:66:12851;ID:24:0;ID:67:3967;ID:68:0;ID:199:0;ID:16:220961204;ID:11:89450421220;ID:14:518815960;";"";"";
"02-04-2026 12:25:30";14;"239";"";"Hospitalsvej, 4800 Nykĝbing Falster, Danmark";54,779083;11,860049;0;"false";"false";"false";"false";"Paused";"[Event=239]ID:239:1;ID:240:1;ID:80:1;ID:21:5;ID:200:0;ID:69:1;ID:181:10;ID:182:6;ID:66:14533;ID:24:0;ID:67:3967;ID:68:0;ID:199:0;ID:16:220961204;ID:11:89450421220;ID:14:518815960;";"";"";
"02-04-2026 12:25:36";14;"250";"";"Ejegodvej 61, 4800 Nykĝbing Falster, Danmark";54,779102;11,860102;7;"false";"false";"false";"false";"Start";"[Event=250]ID:239:1;ID:240:1;ID:80:1;ID:21:5;ID:200:0;ID:69:1;ID:250:1;ID:181:10;ID:182:7;ID:66:14636;ID:24:7;ID:67:3967;ID:68:0;ID:199:9;ID:16:220961213;ID:11:89450421220;ID:14:518815960;";"";"";
"02-04-2026 12:25:47";14;"0";"";"Ejegodvej , 4800 Nykĝbing F, Danmark";54,779308;11,859935;14;"false";"false";"false";"false";"Moving";"[Event=0]ID:239:1;ID:240:1;ID:80:1;ID:21:5;ID:200:0;ID:69:1;ID:181:16;ID:182:8;ID:66:14610;ID:24:14;ID:67:3967;ID:68:0;ID:199:29;ID:16:220961242;ID:11:89450421220;ID:14:518815960;";"";"";
"02-04-2026 12:26:07";14;"0";"";"Ejegodvej 57, 4800 Nykĝbing Falster, Danmark";54,779797;11,860089;12;"false";"false";"false";"false";"Moving";"[Event=0]ID:239:1;ID:240:1;ID:80:1;ID:21:5;ID:200:0;ID:69:1;ID:181:15;ID:182:7;ID:66:14282;ID:24:12;ID:67:3967;ID:68:0;ID:199:58;ID:16:220961300;ID:11:89450421220;ID:14:518815960;";"";"";
"02-04-2026 12:26:57";14;"0";"";"Hammerlodden 69, 4800 Nykĝbing Falster, Danmark";54,78009;11,867004;19;"false";"false";"false";"false";"Moving";"[Event=0]ID:239:1;ID:240:1;ID:80:1;ID:21:5;ID:200:0;ID:69:1;ID:181:15;ID:182:7;ID:66:13045;ID:24:19;ID:67:3967;ID:68:0;ID:199:448;ID:16:220961748;ID:11:89450421220;ID:14:518815960;";"";"";
"02-04-2026 12:27:57";14;"0";"";"Gaabensevej, 4800 Nykĝbing F, Danmark";54,785229;11,868403;49;"false";"false";"false";"false";"Moving";"[Event=0]ID:239:1;ID:240:1;ID:80:1;ID:21:5;ID:200:0;ID:69:1;ID:181:17;ID:182:8;ID:66:13113;ID:24:49;ID:67:3967;ID:68:0;ID:199:583;ID:16:220962331;ID:11:89450421220;ID:14:518815960;";"";"";
"02-04-2026 12:28:54";14;"0";"";"Gaabensevej , 4800 Nykĝbing F, Danmark";54,791138;11,87257;29;"false";"false";"false";"false";"Moving";"[Event=0]ID:239:1;ID:240:1;ID:80:1;ID:21:4;ID:200:0;ID:69:1;ID:181:14;ID:182:7;ID:66:13032;ID:24:29;ID:67:3967;ID:68:0;ID:199:721;ID:16:220963052;ID:11:89450421220;ID:14:518815960;";"";"";
"02-04-2026 12:29:54";14;"0";"";"Gaabensevej , 4800 Nykĝbing F, Danmark";54,801434;11,871577;66;"false";"false";"false";"false";"Moving";"[Event=0]ID:239:1;ID:240:1;ID:80:1;ID:21:5;ID:200:0;ID:69:1;ID:181:14;ID:182:7;ID:66:13061;ID:24:66;ID:67:3967;ID:68:0;ID:199:1149;ID:16:220964201;ID:11:89450421220;ID:14:518815960;";"";"";
"02-04-2026 12:30:54";14;"0";"";"Gaabensevej 212, 4800 Nykĝbing F, Danmark";54,807739;11,87142;0;"false";"false";"false";"false";"Moving";"[Event=0]ID:239:1;ID:240:1;ID:80:1;ID:21:5;ID:200:0;ID:69:1;ID:181:15;ID:182:8;ID:66:13095;ID:24:0;ID:67:3967;ID:68:0;ID:199:698;ID:16:220964899;ID:11:89450421220;ID:14:518815960;";"";"";
"02-04-2026 12:31:54";14;"0";"";"Gaabensevej 213B, 4800 Nykĝbing F, Danmark";54,814625;11,869658;60;"false";"false";"false";"false";"Moving";"[Event=0]ID:239:1;ID:240:1;ID:80:1;ID:21:3;ID:200:0;ID:69:1;ID:181:13;ID:182:7;ID:66:13113;ID:24:60;ID:67:3967;ID:68:0;ID:199:776;ID:16:220965675;ID:11:89450421220;ID:14:518815960;";"";"";
"02-04-2026 12:32:54";14;"0";"";"Gaabensevej 292, 4800 Nykĝbing Falster, Danmark";54,825214;11,866926;76;"false";"false";"false";"false";"Moving";"[Event=0]ID:239:1;ID:240:1;ID:80:1;ID:21:5;ID:200:0;ID:69:1;ID:181:13;ID:182:7;ID:66:13098;ID:24:76;ID:67:3967;ID:68:0;ID:199:1191;ID:16:220966866;ID:11:89450421220;ID:14:518815960;";"";"";
"02-04-2026 12:33:54";14;"0";"";"Gaabensevej 263, 4863 Eskilstrup, Danmark";54,83593;11,861231;74;"false";"false";"false";"false";"Moving";"[Event=0]ID:239:1;ID:240:1;ID:80:1;ID:21:4;ID:200:0;ID:69:1;ID:181:12;ID:182:7;ID:66:13068;ID:24:74;ID:67:3967;ID:68:0;ID:199:1253;ID:16:220968119;ID:11:89450421220;ID:14:518815960;";"";"";
"02-04-2026 12:34:54";14;"0";"";"Nykĝbingvej , 4863 Eskilstrup, Danmark";54,8466;11,858187;60;"false";"false";"false";"false";"Moving";"[Event=0]ID:239:1;ID:240:1;ID:80:1;ID:21:5;ID:200:0;ID:69:1;ID:181:14;ID:182:7;ID:66:13110;ID:24:60;ID:67:3967;ID:68:0;ID:199:1213;ID:16:220969332;ID:11:89450421220;ID:14:518815960;";"";"";
"02-04-2026 12:35:54";14;"0";"";"Eskilstrup Vestergade 76, 4863 Eskilstrup, Danmark";54,854523;11,855888;43;"false";"false";"false";"false";"Moving";"[Event=0]ID:239:1;ID:240:1;ID:80:1;ID:21:5;ID:200:0;ID:69:1;ID:181:14;ID:182:7;ID:66:13119;ID:24:43;ID:67:3967;ID:68:0;ID:199:899;ID:16:220970231;ID:11:89450421220;ID:14:518815960;";"";"";
"02-04-2026 12:36:41";14;"0";"";"Sydmotorvejen , 4863 Eskilstrup, Danmark";54,862041;11,85428;75;"false";"false";"false";"false";"Moving";"[Event=0]ID:239:1;ID:240:1;ID:80:1;ID:21:4;ID:200:0;ID:69:1;ID:181:14;ID:182:7;ID:66:13102;ID:24:75;ID:67:3967;ID:68:0;ID:199:851;ID:16:220971082;ID:11:89450421220;ID:14:518815960;";"";"";
"02-04-2026 12:37:41";14;"0";"";"Sydmotorvejen , 4863 Eskilstrup, Danmark";54,869976;11,878507;122;"false";"false";"false";"false";"Moving";"[Event=0]ID:239:1;ID:240:1;ID:80:1;ID:21:4;ID:200:0;ID:69:1;ID:181:14;ID:182:7;ID:66:13099;ID:24:122;ID:67:3967;ID:68:0;ID:199:1792;ID:16:220972874;ID:11:89450421220;ID:14:518815960;";"";"";
"02-04-2026 12:38:38";14;"0";"";"Sydmotorvejen , 4863 Eskilstrup, Danmark";54,87991;11,905118;127;"false";"false";"false";"false";"Moving";"[Event=0]ID:239:1;ID:240:1;ID:80:1;ID:21:4;ID:200:0;ID:69:1;ID:181:14;ID:182:7;ID:66:13069;ID:24:127;ID:67:3967;ID:68:0;ID:199:2040;ID:16:220974914;ID:11:89450421220;ID:14:518815960;";"";"";
"02-04-2026 12:39:38";14;"0";"";"Sydmotorvejen , 4863 Eskilstrup, Danmark";54,895519;11,920611;119;"false";"false";"false";"false";"Moving";"[Event=0]ID:239:1;ID:240:1;ID:80:1;ID:21:4;ID:200:0;ID:69:1;ID:181:14;ID:182:7;ID:66:13090;ID:24:119;ID:67:3967;ID:68:0;ID:199:2017;ID:16:220976931;ID:11:89450421220;ID:14:518815960;";"";"";
"02-04-2026 12:40:35";14;"0";"";"Sydmotorvejen , 4863 Eskilstrup, Danmark";54,912941;11,930403;124;"false";"false";"false";"false";"Moving";"[Event=0]ID:239:1;ID:240:1;ID:80:1;ID:21:5;ID:200:0;ID:69:1;ID:181:13;ID:182:7;ID:66:13040;ID:24:124;ID:67:3967;ID:68:0;ID:199:2035;ID:16:220978966;ID:11:89450421220;ID:14:518815960;";"";"";
"02-04-2026 12:41:34";14;"0";"";"Sydmotorvejen ,  , Danmark";54,928051;11,947654;120;"false";"false";"false";"false";"Moving";"[Event=0]ID:239:1;ID:240:1;ID:80:1;ID:21:4;ID:200:0;ID:69:1;ID:181:14;ID:182:7;ID:66:13067;ID:24:120;ID:67:3967;ID:68:0;ID:199:2027;ID:16:220980993;ID:11:89450421220;ID:14:518815960;";"";"";
"02-04-2026 12:42:34";14;"0";"";"Sydmotorvejen ,  , Danmark";54,937695;11,965995;83;"false";"false";"false";"false";"Moving";"[Event=0]ID:239:1;ID:240:1;ID:80:1;ID:21:5;ID:200:0;ID:69:1;ID:181:14;ID:182:8;ID:66:13110;ID:24:83;ID:67:3967;ID:68:0;ID:199:1591;ID:16:220982584;ID:11:89450421220;ID:14:518815960;";"";"";
"02-04-2026 12:43:34";14;"0";"";"Sydmotorvejen ,  , Danmark";54,947353;11,980677;86;"false";"false";"false";"false";"Moving";"[Event=0]ID:239:1;ID:240:1;ID:80:1;ID:21:3;ID:200:0;ID:69:1;ID:181:12;ID:182:6;ID:66:13088;ID:24:86;ID:67:3967;ID:68:0;ID:199:1425;ID:16:220984009;ID:11:89450421220;ID:14:518815960;";"";"";
"02-04-2026 12:44:34";14;"0";"";"Farĝbroerne, 4793 Bogĝ By, Danmark";54,957069;11,99338;86;"false";"false";"false";"false";"Moving";"[Event=0]ID:239:1;ID:240:1;ID:80:1;ID:21:3;ID:200:0;ID:69:1;ID:181:15;ID:182:8;ID:66:13069;ID:24:86;ID:67:3967;ID:68:0;ID:199:1354;ID:16:220985363;ID:11:89450421220;ID:14:518815960;";"";"";
"02-04-2026 12:45:34";14;"0";"";"Sydmotorvejen , 4773 Stensved, Danmark";54,969082;12,002325;88;"false";"false";"false";"false";"Moving";"[Event=0]ID:239:1;ID:240:1;ID:80:1;ID:21:4;ID:200:0;ID:69:1;ID:181:15;ID:182:8;ID:66:13090;ID:24:88;ID:67:3967;ID:68:0;ID:199:1454;ID:16:220986817;ID:11:89450421220;ID:14:518815960;";"";"";
"02-04-2026 12:46:34";14;"0";"";"Sydmotorvejen , 4773 Stensved, Danmark";54,984447;12,003701;112;"false";"false";"false";"false";"Moving";"[Event=0]ID:239:1;ID:240:1;ID:80:1;ID:21:2;ID:200:0;ID:69:1;ID:181:13;ID:182:7;ID:66:13069;ID:24:112;ID:67:3967;ID:68:0;ID:199:1731;ID:16:220988548;ID:11:89450421220;ID:14:518815960;";"";"";
"02-04-2026 12:47:34";13;"0";"";"Mĝnsvej , 4773 Stensved, Danmark";54,999207;11,994828;61;"false";"false";"false";"false";"Moving";"[Event=0]ID:239:1;ID:240:1;ID:80:1;ID:21:3;ID:200:0;ID:69:1;ID:181:14;ID:182:7;ID:66:13106;ID:24:61;ID:67:3967;ID:68:0;ID:199:1740;ID:16:220990288;ID:11:89450421220;ID:14:518815960;";"";"";
"02-04-2026 12:47:42";14;"0";"";"Mĝnsvej, 4773 Stensved, Danmark";54,999653;11,995107;12;"false";"false";"false";"false";"Moving";"[Event=0]ID:239:1;ID:240:1;ID:80:1;ID:21:3;ID:200:0;ID:69:1;ID:181:13;ID:182:6;ID:66:13098;ID:24:12;ID:67:3967;ID:68:0;ID:199:53;ID:16:220990341;ID:11:89450421220;ID:14:518815960;";"";"";
"02-04-2026 12:47:46";14;"0";"";"Mĝnsvej 130, 4760 Vordingborg, Danmark";54,999622;11,995566;40;"false";"false";"false";"false";"Moving";"[Event=0]ID:239:1;ID:240:1;ID:80:1;ID:21:3;ID:200:0;ID:69:1;ID:181:14;ID:182:7;ID:66:13428;ID:24:40;ID:67:3967;ID:68:0;ID:199:30;ID:16:220990371;ID:11:89450421220;ID:14:518815960;";"";"";
"02-04-2026 12:48:46";14;"0";"";"Vestenbĉkvej, 4773 Stensved, Danmark";54,99728;12,008026;56;"false";"false";"false";"false";"Moving";"[Event=0]ID:239:1;ID:240:1;ID:80:1;ID:21:4;ID:200:0;ID:69:1;ID:181:12;ID:182:7;ID:66:13099;ID:24:56;ID:67:3967;ID:68:0;ID:199:842;ID:16:220991213;ID:11:89450421220;ID:14:518815960;";"";"";
"02-04-2026 12:49:46";14;"0";"";"Vordingborgvej 6, 4773 Stensved, Danmark";54,995552;12,02133;47;"false";"false";"false";"false";"Moving";"[Event=0]ID:239:1;ID:240:1;ID:80:1;ID:21:5;ID:200:0;ID:69:1;ID:181:13;ID:182:7;ID:66:13079;ID:24:47;ID:67:3967;ID:68:0;ID:199:872;ID:16:220992085;ID:11:89450421220;ID:14:518815960;";"";"";
"02-04-2026 12:50:40";13;"0";"";"Skovhusevej 1, 4773 Stensved, Danmark";54,995571;12,030446;19;"false";"false";"false";"false";"Moving";"[Event=0]ID:239:1;ID:240:1;ID:80:1;ID:21:5;ID:200:0;ID:69:1;ID:181:15;ID:182:7;ID:66:13069;ID:24:16;ID:67:3967;ID:68:0;ID:199:581;ID:16:220992666;ID:11:89450421220;ID:14:518815960;";"";"";
"02-04-2026 12:51:40";14;"0";"";"Skovhusevej 24, 4773 Stensved, Danmark";55,002171;12,031181;58;"false";"false";"false";"false";"Moving";"[Event=0]ID:239:1;ID:240:1;ID:80:1;ID:21:5;ID:200:0;ID:69:1;ID:181:14;ID:182:7;ID:66:13103;ID:24:58;ID:67:3967;ID:68:0;ID:199:746;ID:16:220993412;ID:11:89450421220;ID:14:518815960;";"";"";
"02-04-2026 12:52:40";14;"0";"";" , 4773 Stensved, Danmark";55,010899;12,030855;82;"false";"false";"false";"false";"Moving";"[Event=0]ID:239:1;ID:240:1;ID:80:1;ID:21:4;ID:200:0;ID:69:1;ID:181:14;ID:182:7;ID:66:13100;ID:24:82;ID:67:3967;ID:68:0;ID:199:1014;ID:16:220994426;ID:11:89450421220;ID:14:518815960;";"";"";
"02-04-2026 12:53:40";14;"0";"";" , 4773 Stensved, Danmark";55,02103;12,034209;76;"false";"false";"false";"false";"Moving";"[Event=0]ID:239:1;ID:240:1;ID:80:1;ID:21:2;ID:200:0;ID:69:1;ID:181:14;ID:182:7;ID:66:13092;ID:24:76;ID:67:3967;ID:68:0;ID:199:1170;ID:16:220995596;ID:11:89450421220;ID:14:518815960;";"";"";
"02-04-2026 12:54:40";14;"0";"";"Mĝllebakken 5, 4735 Mern, Danmark";55,028622;12,039317;65;"false";"false";"false";"false";"Moving";"[Event=0]ID:239:1;ID:240:1;ID:80:1;ID:21:3;ID:200:0;ID:69:1;ID:181:14;ID:182:7;ID:66:13113;ID:24:65;ID:67:3967;ID:68:0;ID:199:989;ID:16:220996585;ID:11:89450421220;ID:14:518815960;";"";"";
"02-04-2026 12:55:26";14;"0";"";"Mĝllebakken , 4735 Mern, Danmark";55,029869;12,051438;36;"false";"false";"false";"false";"Moving";"[Event=0]ID:239:1;ID:240:1;ID:80:1;ID:21:3;ID:200:0;ID:69:1;ID:181:13;ID:182:7;ID:66:13099;ID:24:36;ID:67:3967;ID:68:0;ID:199:804;ID:16:220997389;ID:11:89450421220;ID:14:518815960;";"";"";
"02-04-2026 12:55:42";14;"0";"";"Mĝllebakken , 4735 Mern, Danmark";55,031525;12,053666;59;"false";"false";"false";"false";"Moving";"[Event=0]ID:239:1;ID:240:1;ID:80:1;ID:21:4;ID:200:0;ID:69:1;ID:181:14;ID:182:7;ID:66:13068;ID:24:59;ID:67:3967;ID:68:0;ID:199:245;ID:16:220997634;ID:11:89450421220;ID:14:518815960;";"";"";
"02-04-2026 12:56:02";14;"0";"";"Lilliendalsvej 39, 4735 Mern, Danmark";55,032204;12,05714;25;"false";"false";"false";"false";"Moving";"[Event=0]ID:239:1;ID:240:1;ID:80:1;ID:21:3;ID:200:0;ID:69:1;ID:181:14;ID:182:6;ID:66:13113;ID:24:25;ID:67:3967;ID:68:0;ID:199:242;ID:16:220997876;ID:11:89450421220;ID:14:518815960;";"";"";
"02-04-2026 12:57:02";14;"0";"";"Lilliendalsvej 27, 4735 Mern, Danmark";55,041748;12,057106;49;"false";"false";"false";"false";"Moving";"[Event=0]ID:239:1;ID:240:1;ID:80:1;ID:21:4;ID:200:0;ID:69:1;ID:181:14;ID:182:6;ID:66:13131;ID:24:49;ID:67:3967;ID:68:0;ID:199:1061;ID:16:220998937;ID:11:89450421220;ID:14:518815960;";"";"";
"02-04-2026 12:57:55";14;"0";"";"Lilliendalsvej 1, 4735 Mern, Danmark";55,047943;12,057196;10;"false";"false";"false";"false";"Moving";"[Event=0]ID:239:1;ID:240:1;ID:80:1;ID:21:4;ID:200:0;ID:69:1;ID:181:13;ID:182:7;ID:66:13109;ID:24:10;ID:67:3967;ID:68:0;ID:199:689;ID:16:220999626;ID:11:89450421220;ID:14:518815960;";"";"";
"02-04-2026 12:57:58";14;"0";"";"Ĝrslevvej 277, 4735 Mern, Danmark";55,047955;12,057384;19;"false";"false";"false";"false";"Moving";"[Event=0]ID:239:1;ID:240:1;ID:80:1;ID:21:5;ID:200:0;ID:69:1;ID:181:15;ID:182:7;ID:66:13097;ID:24:19;ID:67:3967;ID:68:0;ID:199:12;ID:16:220999638;ID:11:89450421220;ID:14:518815960;";"";"";
"02-04-2026 12:58:04";14;"0";"";"Gammel Prĉstĝvej 2, 4735 Mern, Danmark";55,047989;12,057854;17;"false";"false";"false";"false";"Moving";"[Event=0]ID:239:1;ID:240:1;ID:80:1;ID:21:5;ID:200:0;ID:69:1;ID:181:13;ID:182:7;ID:66:13115;ID:24:17;ID:67:3967;ID:68:0;ID:199:33;ID:16:220999671;ID:11:89450421220;ID:14:518815960;";"";"";
"02-04-2026 12:58:42";14;"0";"";"Gammel Prĉstĝvej 24, 4735 Mern, Danmark";55,052299;12,057462;41;"false";"false";"false";"false";"Moving";"[Event=0]ID:239:1;ID:240:1;ID:80:1;ID:21:5;ID:200:0;ID:69:1;ID:181:14;ID:182:7;ID:66:13100;ID:24:41;ID:67:3967;ID:68:0;ID:199:485;ID:16:221000156;ID:11:89450421220;ID:14:518815960;";"";"";
"02-04-2026 12:59:42";13;"0";"";"Gammel Prĉstĝvej , 4735 Mern, Danmark";55,060558;12,051833;68;"false";"false";"false";"false";"Moving";"[Event=0]ID:239:1;ID:240:1;ID:80:1;ID:21:4;ID:200:0;ID:69:1;ID:181:15;ID:182:7;ID:66:13104;ID:24:68;ID:67:3967;ID:68:0;ID:199:992;ID:16:221001148;ID:11:89450421220;ID:14:518815960;";"";"";
"02-04-2026 13:00:42";14;"0";"";"Mĝnvej 160, 4720 Prĉstĝ, Danmark";55,069355;12,045005;62;"false";"false";"false";"false";"Moving";"[Event=0]ID:239:1;ID:240:1;ID:80:1;ID:21:3;ID:200:0;ID:69:1;ID:181:16;ID:182:8;ID:66:13111;ID:24:62;ID:67:3967;ID:68:0;ID:199:1071;ID:16:221002219;ID:11:89450421220;ID:14:518815960;";"";"";
"02-04-2026 13:01:42";14;"0";"";"Mĝnvej 125D, 4720 Prĉstĝ, Danmark";55,078053;12,038617;51;"false";"false";"false";"false";"Moving";"[Event=0]ID:239:1;ID:240:1;ID:80:1;ID:21:3;ID:200:0;ID:69:1;ID:181:13;ID:182:7;ID:66:13064;ID:24:51;ID:67:3967;ID:68:0;ID:199:1051;ID:16:221003270;ID:11:89450421220;ID:14:518815960;";"";"";
"02-04-2026 13:02:14";13;"0";"";"Rekkendevej 2, 4720 Prĉstĝ, Danmark";55,080948;12,036618;19;"false";"false";"false";"false";"Moving";"[Event=0]ID:239:1;ID:240:1;ID:80:1;ID:21:2;ID:200:0;ID:69:1;ID:181:15;ID:182:7;ID:66:13107;ID:24:21;ID:67:3967;ID:68:0;ID:199:347;ID:16:221003617;ID:11:89450421220;ID:14:518815960;";"";"";
"02-04-2026 13:02:17";13;"0";"";"Rekkendevej 2, 4720 Prĉstĝ, Danmark";55,080921;12,036843;25;"false";"false";"false";"false";"Moving";"[Event=0]ID:239:1;ID:240:1;ID:80:1;ID:21:2;ID:200:0;ID:69:1;ID:181:15;ID:182:7;ID:66:13099;ID:24:25;ID:67:3967;ID:68:0;ID:199:20;ID:16:221003637;ID:11:89450421220;ID:14:518815960;";"";"";
"02-04-2026 13:03:17";13;"0";"";"Rekkendevej 20, 4720 Prĉstĝ, Danmark";55,081043;12,043068;46;"false";"false";"false";"false";"Moving";"[Event=0]ID:239:1;ID:240:1;ID:80:1;ID:21:2;ID:200:0;ID:69:1;ID:181:15;ID:182:8;ID:66:13073;ID:24:47;ID:67:3967;ID:68:0;ID:199:386;ID:16:221004023;ID:11:89450421220;ID:14:518815960;";"";"";
"02-04-2026 13:03:33";13;"0";"";"Rekkendevej 29B, 4720 Prĉstĝ, Danmark";55,080978;12,045208;12;"false";"false";"false";"false";"Moving";"[Event=0]ID:239:1;ID:240:1;ID:80:1;ID:21:3;ID:200:0;ID:69:1;ID:181:14;ID:182:7;ID:66:13141;ID:24:12;ID:67:3967;ID:68:0;ID:199:152;ID:16:221004175;ID:11:89450421220;ID:14:518815960;";"";"";
"02-04-2026 13:03:42";14;"0";"";"Rekkendevej 29B, 4720 Prĉstĝ, Danmark";55,080948;12,045087;15;"false";"false";"false";"false";"Moving";"[Event=0]ID:239:1;ID:240:1;ID:80:1;ID:21:3;ID:200:0;ID:69:1;ID:181:10;ID:182:7;ID:66:14774;ID:24:0;ID:67:3967;ID:68:0;ID:199:5;ID:16:221004180;ID:11:89450421220;ID:14:518815960;";"";"";
"02-04-2026 13:04:28";14;"0";"";"Mĝnvej 105, 4720 Prĉstĝ, Danmark";55,081017;12,036371;22;"false";"false";"false";"false";"Moving";"[Event=0]ID:239:1;ID:240:1;ID:80:1;ID:21:2;ID:200:0;ID:69:1;ID:181:14;ID:182:7;ID:66:13097;ID:24:22;ID:67:3967;ID:68:0;ID:199:567;ID:16:221004747;ID:11:89450421220;ID:14:518815960;";"";"";
"02-04-2026 13:05:28";14;"0";"";"Mĝnvej 110A, 4720 Prĉstĝ, Danmark";55,087051;12,03008;53;"false";"false";"false";"false";"Moving";"[Event=0]ID:239:1;ID:240:1;ID:80:1;ID:21:4;ID:200:0;ID:69:1;ID:181:14;ID:182:7;ID:66:13102;ID:24:53;ID:67:3967;ID:68:0;ID:199:796;ID:16:221005543;ID:11:89450421220;ID:14:518815960;";"";"";
"02-04-2026 13:06:28";14;"0";"";"Mĝnvej 47, 4720 Prĉstĝ, Danmark";55,094982;12,028334;69;"false";"false";"false";"false";"Moving";"[Event=0]ID:239:1;ID:240:1;ID:80:1;ID:21:4;ID:200:0;ID:69:1;ID:181:14;ID:182:7;ID:66:13105;ID:24:69;ID:67:3967;ID:68:0;ID:199:894;ID:16:221006437;ID:11:89450421220;ID:14:518815960;";"";"";
"02-04-2026 13:07:28";14;"0";"";"Mĝnvej 33, 4720 Prĉstĝ, Danmark";55,103603;12,033118;62;"false";"false";"false";"false";"Moving";"[Event=0]ID:239:1;ID:240:1;ID:80:1;ID:21:4;ID:200:0;ID:69:1;ID:181:16;ID:182:8;ID:66:13104;ID:24:62;ID:67:3967;ID:68:0;ID:199:1020;ID:16:221007457;ID:11:89450421220;ID:14:518815960;";"";"";
"02-04-2026 13:08:28";14;"0";"";"Mĝnvej , 4720 Prĉstĝ, Danmark";55,111462;12,030072;70;"false";"false";"false";"false";"Moving";"[Event=0]ID:239:1;ID:240:1;ID:80:1;ID:21:4;ID:200:0;ID:69:1;ID:181:14;ID:182:7;ID:66:13098;ID:24:70;ID:67:3967;ID:68:0;ID:199:915;ID:16:221008372;ID:11:89450421220;ID:14:518815960;";"";"";
"02-04-2026 13:08:40";14;"0";"";"Mĝnvej , 4720 Prĉstĝ, Danmark";55,113605;12,030737;78;"false";"false";"false";"false";"Moving";"[Event=0]ID:239:1;ID:240:1;ID:80:1;ID:21:4;ID:200:0;ID:69:1;ID:181:17;ID:182:8;ID:66:13117;ID:24:78;ID:67:3967;ID:68:0;ID:199:250;ID:16:221008622;ID:11:89450421220;ID:14:518815960;";"";"";
"02-04-2026 13:08:54";14;"0";"";"Ny Esbjergvej , 4720 Prĉstĝ, Danmark";55,114674;12,032333;22;"false";"false";"false";"false";"Moving";"[Event=0]ID:239:1;ID:240:1;ID:80:1;ID:21:4;ID:200:0;ID:69:1;ID:181:14;ID:182:7;ID:66:13068;ID:24:22;ID:67:3967;ID:68:0;ID:199:166;ID:16:221008788;ID:11:89450421220;ID:14:518815960;";"";"";
"02-04-2026 13:09:46";14;"0";"";"Nĉstvedvej , 4720 Prĉstĝ, Danmark";55,118713;12,019938;81;"false";"false";"false";"false";"Moving";"[Event=0]ID:239:1;ID:240:1;ID:80:1;ID:21:5;ID:200:0;ID:69:1;ID:181:14;ID:182:7;ID:66:13091;ID:24:81;ID:67:3967;ID:68:0;ID:199:924;ID:16:221009712;ID:11:89450421220;ID:14:518815960;";"";"";
"02-04-2026 13:10:46";14;"0";"";"Nĉstvedvej 22, 4720 Prĉstĝ, Danmark";55,116947;11,997654;71;"false";"false";"false";"false";"Moving";"[Event=0]ID:239:1;ID:240:1;ID:80:1;ID:21:4;ID:200:0;ID:69:1;ID:181:12;ID:182:7;ID:66:13111;ID:24:71;ID:67:3967;ID:68:0;ID:199:1431;ID:16:221011143;ID:11:89450421220;ID:14:518815960;";"";"";
"02-04-2026 13:11:46";14;"0";"";"Nĉstvedvej 30, 4720 Prĉstĝ, Danmark";55,119781;11,977101;87;"false";"false";"false";"false";"Moving";"[Event=0]ID:239:1;ID:240:1;ID:80:1;ID:21:4;ID:200:0;ID:69:1;ID:181:15;ID:182:7;ID:66:13114;ID:24:87;ID:67:3967;ID:68:0;ID:199:1348;ID:16:221012491;ID:11:89450421220;ID:14:518815960;";"";"";
"02-04-2026 13:12:46";14;"0";"";"Nĉstvedvej ,  , Danmark";55,122829;11,960961;76;"false";"false";"false";"false";"Moving";"[Event=0]ID:239:1;ID:240:1;ID:80:1;ID:21:5;ID:200:0;ID:69:1;ID:181:13;ID:182:7;ID:66:13090;ID:24:76;ID:67:3967;ID:68:0;ID:199:1084;ID:16:221013575;ID:11:89450421220;ID:14:518815960;";"";"";
"02-04-2026 13:13:46";14;"0";"";"Nĉstvedvej 50, 4720 Prĉstĝ, Danmark";55,125439;11,951322;37;"false";"false";"false";"false";"Moving";"[Event=0]ID:239:1;ID:240:1;ID:80:1;ID:21:5;ID:200:0;ID:69:1;ID:181:14;ID:182:7;ID:66:13094;ID:24:37;ID:67:3967;ID:68:0;ID:199:683;ID:16:221014258;ID:11:89450421220;ID:14:518815960;";"";"";
"02-04-2026 13:14:46";14;"0";"";"Nĉstvedvej ,  , Danmark";55,12825;11,943563;37;"false";"false";"false";"false";"Moving";"[Event=0]ID:239:1;ID:240:1;ID:80:1;ID:21:5;ID:200:0;ID:69:1;ID:181:17;ID:182:8;ID:66:13091;ID:24:37;ID:67:3967;ID:68:0;ID:199:584;ID:16:221014842;ID:11:89450421220;ID:14:518815960;";"";"";
"02-04-2026 13:15:46";14;"0";"";"Prĉstĝ Landevej ,  , Danmark";55,132584;11,93046;74;"false";"false";"false";"false";"Moving";"[Event=0]ID:239:1;ID:240:1;ID:80:1;ID:21:5;ID:200:0;ID:69:1;ID:181:14;ID:182:7;ID:66:13081;ID:24:74;ID:67:3967;ID:68:0;ID:199:981;ID:16:221015823;ID:11:89450421220;ID:14:518815960;";"";"";
"02-04-2026 13:16:46";14;"0";"";"Prĉstĝ Landevej ,  , Danmark";55,139027;11,914639;73;"false";"false";"false";"false";"Moving";"[Event=0]ID:239:1;ID:240:1;ID:80:1;ID:21:5;ID:200:0;ID:69:1;ID:181:19;ID:182:8;ID:66:13086;ID:24:73;ID:67:3967;ID:68:0;ID:199:1238;ID:16:221017061;ID:11:89450421220;ID:14:518815960;";"";"";
"02-04-2026 13:17:46";14;"0";"";"Prĉstĝ Landevej ,  , Danmark";55,144798;11,899306;50;"false";"false";"false";"false";"Moving";"[Event=0]ID:239:1;ID:240:1;ID:80:1;ID:21:5;ID:200:0;ID:69:1;ID:181:17;ID:182:8;ID:66:13108;ID:24:50;ID:67:3967;ID:68:0;ID:199:1167;ID:16:221018228;ID:11:89450421220;ID:14:518815960;";"";"";
"02-04-2026 13:18:46";14;"0";"";"Prĉstĝ Landevej 82, 4700 Nĉstved, Danmark";55,154663;11,890322;79;"false";"false";"false";"false";"Moving";"[Event=0]ID:239:1;ID:240:1;ID:80:1;ID:21:4;ID:200:0;ID:69:1;ID:181:12;ID:182:7;ID:66:13099;ID:24:79;ID:67:3967;ID:68:0;ID:199:1238;ID:16:221019466;ID:11:89450421220;ID:14:518815960;";"";"";
"02-04-2026 13:19:46";14;"0";"";"Prĉstĝ Landevej ,  , Danmark";55,165127;11,883488;44;"false";"false";"false";"false";"Moving";"[Event=0]ID:239:1;ID:240:1;ID:80:1;ID:21:4;ID:200:0;ID:69:1;ID:181:12;ID:182:7;ID:66:13125;ID:24:44;ID:67:3967;ID:68:0;ID:199:1251;ID:16:221020717;ID:11:89450421220;ID:14:518815960;";"";"";
"02-04-2026 13:20:11";14;"0";"";"Blangslevvej 19, 4700 Nĉstved, Danmark";55,167374;11,882667;20;"false";"false";"false";"false";"Moving";"[Event=0]ID:239:1;ID:240:1;ID:80:1;ID:21:4;ID:200:0;ID:69:1;ID:181:17;ID:182:8;ID:66:13115;ID:24:20;ID:67:3967;ID:68:0;ID:199:257;ID:16:221020974;ID:11:89450421220;ID:14:518815960;";"";"";
"02-04-2026 13:20:13";14;"0";"";"Blangslevvej 19, 4700 Nĉstved, Danmark";55,167355;11,882491;20;"false";"false";"false";"false";"Moving";"[Event=0]ID:239:1;ID:240:1;ID:80:1;ID:21:4;ID:200:0;ID:69:1;ID:181:13;ID:182:7;ID:66:13104;ID:24:20;ID:67:3967;ID:68:0;ID:199:11;ID:16:221020985;ID:11:89450421220;ID:14:518815960;";"";"";
"02-04-2026 13:21:13";14;"0";"";"Blangslevvej 2, 4700 Nĉstved, Danmark";55,165627;11,867054;81;"false";"false";"false";"false";"Moving";"[Event=0]ID:239:1;ID:240:1;ID:80:1;ID:21:4;ID:200:0;ID:69:1;ID:181:16;ID:182:8;ID:66:13110;ID:24:81;ID:67:3967;ID:68:0;ID:199:1010;ID:16:221021995;ID:11:89450421220;ID:14:518815960;";"";"";
"02-04-2026 13:22:13";14;"0";"";"Landevejen 6, 4700 Nĉstved, Danmark";55,165031;11,852277;51;"false";"false";"false";"false";"Moving";"[Event=0]ID:239:1;ID:240:1;ID:80:1;ID:21:5;ID:200:0;ID:69:1;ID:181:15;ID:182:8;ID:66:13106;ID:24:51;ID:67:3967;ID:68:0;ID:199:943;ID:16:221022938;ID:11:89450421220;ID:14:518815960;";"";"";
"02-04-2026 13:23:13";14;"0";"";"Landevejen , 4750 Lundby, Danmark";55,161446;11,839798;67;"false";"false";"false";"false";"Moving";"[Event=0]ID:239:1;ID:240:1;ID:80:1;ID:21:5;ID:200:0;ID:69:1;ID:181:12;ID:182:7;ID:66:13105;ID:24:67;ID:67:3967;ID:68:0;ID:199:960;ID:16:221023898;ID:11:89450421220;ID:14:518815960;";"";"";
"02-04-2026 13:23:47";14;"0";"";"Landevejen , 4750 Lundby, Danmark";55,157433;11,833237;64;"false";"false";"false";"false";"Moving";"[Event=0]ID:239:1;ID:240:1;ID:80:1;ID:21:5;ID:200:0;ID:69:1;ID:181:15;ID:182:8;ID:66:13109;ID:24:64;ID:67:3967;ID:68:0;ID:199:628;ID:16:221024526;ID:11:89450421220;ID:14:518815960;";"";"";
"02-04-2026 13:24:47";14;"0";"";"Landevejen 56, 4700 Nĉstved, Danmark";55,157112;11,819429;0;"false";"false";"false";"false";"Moving";"[Event=0]ID:239:1;ID:240:1;ID:80:1;ID:21:5;ID:200:0;ID:69:1;ID:181:10;ID:182:7;ID:66:13099;ID:24:0;ID:67:3967;ID:68:0;ID:199:877;ID:16:221025403;ID:11:89450421220;ID:14:518815960;";"";"";
"02-04-2026 13:24:50";14;"0";"";"Vester Egesborgvej , 4750 Lundby, Danmark";55,15707;11,819308;20;"false";"false";"false";"false";"Moving";"[Event=0]ID:239:1;ID:240:1;ID:80:1;ID:21:5;ID:200:0;ID:69:1;ID:181:13;ID:182:7;ID:66:13087;ID:24:20;ID:67:3967;ID:68:0;ID:199:11;ID:16:221025414;ID:11:89450421220;ID:14:518815960;";"";"";
"02-04-2026 13:25:19";14;"0";"";"Vordingborg Landevej 25, 4700 Nĉstved, Danmark";55,154625;11,818303;7;"false";"false";"false";"false";"Moving";"[Event=0]ID:239:1;ID:240:1;ID:80:1;ID:21:4;ID:200:0;ID:69:1;ID:181:17;ID:182:8;ID:66:13423;ID:24:7;ID:67:3967;ID:68:0;ID:199:280;ID:16:221025694;ID:11:89450421220;ID:14:518815960;";"";"";
"02-04-2026 13:25:21";14;"0";"";"Vordingborg Landevej 25, 4700 Nĉstved, Danmark";55,154606;11,818366;10;"false";"false";"false";"false";"Moving";"[Event=0]ID:239:1;ID:240:1;ID:80:1;ID:21:4;ID:200:0;ID:69:1;ID:181:17;ID:182:8;ID:66:14414;ID:24:10;ID:67:3967;ID:68:0;ID:199:4;ID:16:221025698;ID:11:89450421220;ID:14:518815960;";"";"";
"02-04-2026 13:25:41";14;"0";"";"Vordingborg Landevej 19, 4700 Nĉstved, Danmark";55,154392;11,819798;14;"false";"false";"false";"false";"Moving";"[Event=0]ID:239:1;ID:240:1;ID:80:1;ID:21:4;ID:200:0;ID:69:1;ID:181:17;ID:182:8;ID:66:14663;ID:24:14;ID:67:3967;ID:68:0;ID:199:102;ID:16:221025800;ID:11:89450421220;ID:14:518815960;";"";"";
"02-04-2026 13:26:22";14;"0";"";"Vordingborg Landevej 19, 4700 Nĉstved, Danmark";55,154533;11,819778;6;"false";"false";"false";"false";"Moving";"[Event=0]ID:239:1;ID:240:1;ID:80:1;ID:21:4;ID:200:0;ID:69:1;ID:181:10;ID:182:7;ID:66:14689;ID:24:6;ID:67:3967;ID:68:0;ID:199:22;ID:16:221025822;ID:11:89450421220;ID:14:518815960;";"";"";
"02-04-2026 13:26:24";14;"0";"";"Vordingborg Landevej 19, 4700 Nĉstved, Danmark";55,154495;11,819743;8;"false";"false";"false";"false";"Moving";"[Event=0]ID:239:1;ID:240:1;ID:80:1;ID:21:4;ID:200:0;ID:69:1;ID:181:13;ID:182:8;ID:66:14631;ID:24:8;ID:67:3967;ID:68:0;ID:199:3;ID:16:221025825;ID:11:89450421220;ID:14:518815960;";"";"";
"02-04-2026 13:26:30";13;"0";"";"Vordingborg Landevej 19, 4700 Nĉstved, Danmark";55,154354;11,819726;13;"false";"false";"false";"false";"Moving";"[Event=0]ID:239:1;ID:240:1;ID:80:1;ID:21:3;ID:200:0;ID:69:1;ID:181:16;ID:182:8;ID:66:14596;ID:24:13;ID:67:3966;ID:68:0;ID:199:21;ID:16:221025846;ID:11:89450421220;ID:14:518815960;";"";"";
"02-04-2026 13:26:36";14;"0";"";"Vordingborg Landevej 23-25, 4700 Nĉstved, Danmark";55,154343;11,819288;18;"false";"false";"false";"false";"Moving";"[Event=0]ID:239:1;ID:240:1;ID:80:1;ID:21:3;ID:200:0;ID:69:1;ID:181:14;ID:182:7;ID:66:14558;ID:24:18;ID:67:3967;ID:68:0;ID:199:29;ID:16:221025875;ID:11:89450421220;ID:14:518815960;";"";"";
"02-04-2026 13:27:08";14;"0";"";"Vordingborg Landevej 25, 4700 Nĉstved, Danmark";55,15469;11,818356;14;"false";"false";"false";"false";"Moving";"[Event=0]ID:239:1;ID:240:1;ID:80:1;ID:21:5;ID:200:0;ID:69:1;ID:181:17;ID:182:8;ID:66:13069;ID:24:14;ID:67:3967;ID:68:0;ID:199:76;ID:16:221025951;ID:11:89450421220;ID:14:518815960;";"";"";
"02-04-2026 13:28:08";14;"0";"";"Vordingborg Landevej ,  , Danmark";55,162113;11,81748;80;"false";"false";"false";"false";"Moving";"[Event=0]ID:239:1;ID:240:1;ID:80:1;ID:21:5;ID:200:0;ID:69:1;ID:181:15;ID:182:8;ID:66:13069;ID:24:80;ID:67:3967;ID:68:0;ID:199:849;ID:16:221026800;ID:11:89450421220;ID:14:518815960;";"";"";
"02-04-2026 13:29:08";14;"0";"";"Vordingborg Landevej ,  , Danmark";55,172199;11,806911;81;"false";"false";"false";"false";"Moving";"[Event=0]ID:239:1;ID:240:1;ID:80:1;ID:21:4;ID:200:0;ID:69:1;ID:181:13;ID:182:7;ID:66:13074;ID:24:81;ID:67:3967;ID:68:0;ID:199:1343;ID:16:221028143;ID:11:89450421220;ID:14:518815960;";"";"";
"02-04-2026 13:30:08";14;"0";"";"Vordingborgvej 376, 4700 Nĉstved, Danmark";55,178585;11,789317;68;"false";"false";"false";"false";"Moving";"[Event=0]ID:239:1;ID:240:1;ID:80:1;ID:21:3;ID:200:0;ID:69:1;ID:181:15;ID:182:8;ID:66:13088;ID:24:68;ID:67:3967;ID:68:0;ID:199:1323;ID:16:221029466;ID:11:89450421220;ID:14:518815960;";"";"";
"02-04-2026 13:31:08";14;"0";"";"Vordingborgvej , 4700 Nĉstved, Danmark";55,18647;11,77669;75;"false";"false";"false";"false";"Moving";"[Event=0]ID:239:1;ID:240:1;ID:80:1;ID:21:3;ID:200:0;ID:69:1;ID:181:13;ID:182:7;ID:66:13072;ID:24:75;ID:67:3967;ID:68:0;ID:199:1202;ID:16:221030668;ID:11:89450421220;ID:14:518815960;";"";"";
"02-04-2026 13:32:08";14;"0";"";"Vordingborgvej 347, 4700 Nĉstved, Danmark";55,194221;11,768657;69;"false";"false";"false";"false";"Moving";"[Event=0]ID:239:1;ID:240:1;ID:80:1;ID:21:5;ID:200:0;ID:69:1;ID:181:13;ID:182:7;ID:66:13079;ID:24:69;ID:67:3967;ID:68:0;ID:199:1010;ID:16:221031678;ID:11:89450421220;ID:14:518815960;";"";"";
"02-04-2026 13:33:08";14;"0";"";"Vordingborgvej 337, 4700 Nĉstved, Danmark";55,199245;11,761873;48;"false";"false";"false";"false";"Moving";"[Event=0]ID:239:1;ID:240:1;ID:80:1;ID:21:5;ID:200:0;ID:69:1;ID:181:13;ID:182:7;ID:66:13110;ID:24:48;ID:67:3967;ID:68:0;ID:199:711;ID:16:221032389;ID:11:89450421220;ID:14:518815960;";"";"";
"02-04-2026 13:34:08";14;"0";"";"Vordingborgvej , 4700 Nĉstved, Danmark";55,206226;11,754823;60;"false";"false";"false";"false";"Moving";"[Event=0]ID:239:1;ID:240:1;ID:80:1;ID:21:5;ID:200:0;ID:69:1;ID:181:12;ID:182:7;ID:66:13102;ID:24:60;ID:67:3967;ID:68:0;ID:199:913;ID:16:221033302;ID:11:89450421220;ID:14:518815960;";"";"";
"02-04-2026 13:35:08";13;"0";"";"Vordingborgvej , 4700 Nĉstved, Danmark";55,214005;11,753393;63;"false";"false";"false";"false";"Moving";"[Event=0]ID:239:1;ID:240:1;ID:80:1;ID:21:5;ID:200:0;ID:69:1;ID:181:14;ID:182:7;ID:66:13098;ID:24:63;ID:67:3967;ID:68:0;ID:199:870;ID:16:221034172;ID:11:89450421220;ID:14:518815960;";"";"";
"02-04-2026 13:36:07";14;"0";"";"Vordingborgvej 79, 4700 Nĉstved, Danmark";55,219051;11,754599;56;"false";"false";"false";"false";"Moving";"[Event=0]ID:239:1;ID:240:1;ID:80:1;ID:21:5;ID:200:0;ID:69:1;ID:181:15;ID:182:8;ID:66:13093;ID:24:56;ID:67:3967;ID:68:0;ID:199:585;ID:16:221034757;ID:11:89450421220;ID:14:518815960;";"";"";
"02-04-2026 13:36:56";14;"0";"";"Nygċrdsvej 2, 4700 Nĉstved, Danmark";55,222855;11,759391;27;"false";"false";"false";"false";"Moving";"[Event=0]ID:239:1;ID:240:1;ID:80:1;ID:21:5;ID:200:0;ID:69:1;ID:181:12;ID:182:7;ID:66:13098;ID:24:27;ID:67:3967;ID:68:0;ID:199:530;ID:16:221035287;ID:11:89450421220;ID:14:518815960;";"";"";
"02-04-2026 13:37:43";13;"0";"";"Havnegade , 4700 Nĉstved, Danmark";55,227547;11,757442;15;"false";"false";"false";"false";"Moving";"[Event=0]ID:239:1;ID:240:1;ID:80:1;ID:21:5;ID:200:0;ID:69:1;ID:181:15;ID:182:7;ID:66:13084;ID:24:15;ID:67:3967;ID:68:0;ID:199:574;ID:16:221035861;ID:11:89450421220;ID:14:518815960;";"";"";
"02-04-2026 13:37:44";12;"0";"";"Toldbodgade , 4700 Nĉstved, Danmark";55,22747;11,75728;23;"false";"false";"false";"false";"Moving";"[Event=0]ID:239:1;ID:240:1;ID:80:1;ID:21:5;ID:200:0;ID:69:1;ID:181:15;ID:182:7;ID:66:13089;ID:24:19;ID:67:3967;ID:68:0;ID:199:6;ID:16:221035867;ID:11:89450421220;ID:14:518815960;";"";"";
"02-04-2026 13:37:51";14;"0";"";"Toldbodgade 4, 4700 Nĉstved, Danmark";55,227253;11,756759;23;"false";"false";"false";"false";"Moving";"[Event=0]ID:239:1;ID:240:1;ID:80:1;ID:21:5;ID:200:0;ID:69:1;ID:181:15;ID:182:7;ID:66:13081;ID:24:23;ID:67:3967;ID:68:0;ID:199:51;ID:16:221035918;ID:11:89450421220;ID:14:518815960;";"";"";
"02-04-2026 13:37:53";14;"0";"";"Toldbodgade 4, 4700 Nĉstved, Danmark";55,227352;11,756585;28;"false";"false";"false";"false";"Moving";"[Event=0]ID:239:1;ID:240:1;ID:80:1;ID:21:5;ID:200:0;ID:69:1;ID:181:16;ID:182:8;ID:66:13104;ID:24:28;ID:67:3967;ID:68:0;ID:199:16;ID:16:221035934;ID:11:89450421220;ID:14:518815960;";"";"";
"02-04-2026 13:38:39";14;"0";"";"Toldbodgade , 4700 Nĉstved, Danmark";55,228275;11,754521;7;"false";"false";"false";"false";"Moving";"[Event=0]ID:239:1;ID:240:1;ID:80:1;ID:21:5;ID:200:0;ID:69:1;ID:181:13;ID:182:7;ID:66:13117;ID:24:7;ID:67:3967;ID:68:0;ID:199:173;ID:16:221036107;ID:11:89450421220;ID:14:518815960;";"";"";
"02-04-2026 13:38:46";14;"0";"";"Toldbodgade , 4700 Nĉstved, Danmark";55,228226;11,754318;17;"false";"false";"false";"false";"Moving";"[Event=0]ID:239:1;ID:240:1;ID:80:1;ID:21:5;ID:200:0;ID:69:1;ID:181:14;ID:182:7;ID:66:13083;ID:24:17;ID:67:3967;ID:68:0;ID:199:14;ID:16:221036121;ID:11:89450421220;ID:14:518815960;";"";"";
"02-04-2026 13:39:23";14;"0";"";"Fabriksvej 48D, 4700 Nĉstved, Danmark";55,225483;11,750386;27;"false";"false";"false";"false";"Moving";"[Event=0]ID:239:1;ID:240:1;ID:80:1;ID:21:5;ID:200:0;ID:69:1;ID:181:13;ID:182:7;ID:66:13082;ID:24:27;ID:67:3967;ID:68:0;ID:199:430;ID:16:221036551;ID:11:89450421220;ID:14:518815960;";"";"";
"02-04-2026 13:39:43";14;"0";"";"Marskvej 2, 4700 Nĉstved, Danmark";55,226322;11,748703;13;"false";"false";"false";"false";"Moving";"[Event=0]ID:239:1;ID:240:1;ID:80:1;ID:21:5;ID:200:0;ID:69:1;ID:181:13;ID:182:7;ID:66:13090;ID:24:13;ID:67:3967;ID:68:0;ID:199:143;ID:16:221036694;ID:11:89450421220;ID:14:518815960;";"";"";
"02-04-2026 13:40:43";14;"0";"";"Marskvej 4, 4700 Nĉstved, Danmark";55,225517;11,747365;0;"false";"false";"false";"false";"Moving";"[Event=0]ID:239:1;ID:240:1;ID:80:1;ID:21:5;ID:200:0;ID:69:1;ID:181:10;ID:182:7;ID:66:12772;ID:24:0;ID:67:3967;ID:68:0;ID:199:132;ID:16:221036826;ID:11:89450421220;ID:14:518815960;";"";"";
"02-04-2026 13:41:29";14;"239";"";"Marskvej 4, 4700 Nĉstved, Danmark";55,225517;11,747365;0;"false";"false";"false";"false";"Moving";"[Event=239]ID:239:0;ID:240:1;ID:80:0;ID:21:5;ID:200:0;ID:69:1;ID:181:14;ID:182:7;ID:66:12851;ID:24:0;ID:67:3967;ID:68:0;ID:199:0;ID:16:221036826;ID:11:89450421220;ID:14:518815960;";"";"";
"02-04-2026 13:42:21";14;"240";"";"Marskvej 4, 4700 Nĉstved, Danmark";55,225517;11,747365;0;"false";"false";"false";"false";"Moving";"[Event=240]ID:239:0;ID:240:0;ID:80:0;ID:21:5;ID:200:0;ID:69:1;ID:181:14;ID:182:7;ID:66:12771;ID:24:0;ID:67:3967;ID:68:0;ID:199:0;ID:16:221036826;ID:11:89450421220;ID:14:518815960;";"";"";
"02-04-2026 13:42:28";14;"250";"";"Marskvej 4, 4700 Nĉstved, Danmark";55,225517;11,747365;0;"false";"false";"false";"false";"Stop";"[Event=250]ID:239:0;ID:240:0;ID:80:0;ID:21:5;ID:200:0;ID:69:1;ID:250:0;ID:181:14;ID:182:7;ID:66:12776;ID:24:0;ID:67:3967;ID:68:0;ID:199:0;ID:16:221036826;ID:11:89450421220;ID:14:518815960;";"";"";
"02-04-2026 13:44:38";14;"0";"";"Marskvej 4, 4700 Nĉstved, Danmark";55,225517;11,747365;0;"false";"false";"false";"false";"Paused";"[Event=0]ID:239:0;ID:240:0;ID:80:1;ID:21:5;ID:200:0;ID:69:1;ID:181:10;ID:182:7;ID:66:12804;ID:24:0;ID:67:3967;ID:68:0;ID:199:0;ID:16:221036826;ID:11:89450421220;ID:14:518815960;";"";"";
"02-04-2026 13:44:40";14;"239";"";"Marskvej 4, 4700 Nĉstved, Danmark";55,225517;11,747365;0;"false";"false";"false";"false";"Paused";"[Event=239]ID:239:1;ID:240:0;ID:80:1;ID:21:5;ID:200:0;ID:69:1;ID:181:10;ID:182:7;ID:66:12768;ID:24:0;ID:67:3967;ID:68:0;ID:199:0;ID:16:221036826;ID:11:89450421220;ID:14:518815960;";"";"";
"02-04-2026 13:45:33";14;"240";"";"Marskvej 4, 4700 Nĉstved, Danmark";55,225517;11,747365;0;"false";"false";"false";"false";"Paused";"[Event=240]ID:239:1;ID:240:1;ID:80:1;ID:21:5;ID:200:0;ID:69:1;ID:181:12;ID:182:7;ID:66:12810;ID:24:0;ID:67:3967;ID:68:0;ID:199:0;ID:16:221036826;ID:11:89450421220;ID:14:518815960;";"";"";
"02-04-2026 13:45:42";14;"239";"";"Marskvej 4, 4700 Nĉstved, Danmark";55,225517;11,747365;0;"false";"false";"false";"false";"Paused";"[Event=239]ID:239:0;ID:240:1;ID:80:0;ID:21:5;ID:200:0;ID:69:1;ID:181:13;ID:182:7;ID:66:12810;ID:24:0;ID:67:3967;ID:68:0;ID:199:0;ID:16:221036826;ID:11:89450421220;ID:14:518815960;";"";"";
"02-04-2026 13:46:36";14;"240";"";"Marskvej 4, 4700 Nĉstved, Danmark";55,225517;11,747365;0;"false";"false";"false";"false";"Paused";"[Event=240]ID:239:0;ID:240:0;ID:80:0;ID:21:5;ID:200:0;ID:69:1;ID:181:10;ID:182:7;ID:66:12899;ID:24:0;ID:67:3967;ID:68:0;ID:199:0;ID:16:221036826;ID:11:89450421220;ID:14:518815960;";"";"";
